Produktbereich - Bezeichnung;Produkt;Produkt - Bezeichnung;Ansatz laufendes Jahr;Ertrags und Aufwandsarten;Betrag-Typ;Budget Richtung;Jahr
Allgemeine Finanzwirtschaft;16.01.2001;Steuern, allgemeine Zuweisungen und allgemeine Umlagen;29.026.000;Steuern und ähnliche Abgaben;Plan;Einnahme;2018
Allgemeine Finanzwirtschaft;16.01.2001;Steuern, allgemeine Zuweisungen und allgemeine Umlagen;1.669.310; Zuwendungen und allgemeine Umlagen;Plan;Einnahme;2018
Allgemeine Finanzwirtschaft;16.01.2001;Steuern, allgemeine Zuweisungen und allgemeine Umlagen;81.000; Sonstige ordentliche Erträge;Plan;Einnahme;2018
Allgemeine Finanzwirtschaft;16.01.2001;Steuern, allgemeine Zuweisungen und allgemeine Umlagen;0; Bilanzielle Abschreibungen;Plan;Ausgabe;2018
Allgemeine Finanzwirtschaft;16.01.2001;Steuern, allgemeine Zuweisungen und allgemeine Umlagen;15.637.700; Transferaufwendungen;Plan;Ausgabe;2018
Allgemeine Finanzwirtschaft;16.01.2001;Steuern, allgemeine Zuweisungen und allgemeine Umlagen;0; Sonstige ordentliche Aufwendungen;Plan;Ausgabe;2018
Allgemeine Finanzwirtschaft;16.01.2001;Steuern, allgemeine Zuweisungen und allgemeine Umlagen;0; Sonstige ordentliche Aufwendungen;Plan;Einnahme;2018
Allgemeine Finanzwirtschaft;16.01.2001;Steuern, allgemeine Zuweisungen und allgemeine Umlagen;30.000; Zinsen und sonstige Finanzaufwendungen;Plan;Ausgabe;2018
Allgemeine Finanzwirtschaft;16.01.2001;Steuern, allgemeine Zuweisungen und allgemeine Umlagen;20.500; Erträge aus internen Leistungs beziehungen;Plan;Einnahme;2018
Allgemeine Finanzwirtschaft;16.01.2002;Sonstige allgemeine Finanzwirtschaft;0; Zuwendungen und allgemeine Umlagen;Plan;Einnahme;2018
Allgemeine Finanzwirtschaft;16.01.2002;Sonstige allgemeine Finanzwirtschaft;154.000; Sonstige ordentliche Erträge;Plan;Einnahme;2018
Allgemeine Finanzwirtschaft;16.01.2002;Sonstige allgemeine Finanzwirtschaft;0; Bilanzielle Abschreibungen;Plan;Ausgabe;2018
Allgemeine Finanzwirtschaft;16.01.2002;Sonstige allgemeine Finanzwirtschaft;20.000; Sonstige ordentliche Aufwendungen;Plan;Ausgabe;2018
Allgemeine Finanzwirtschaft;16.01.2002;Sonstige allgemeine Finanzwirtschaft;139.720; Finanzerträge;Plan;Einnahme;2018
Allgemeine Finanzwirtschaft;16.01.2002;Sonstige allgemeine Finanzwirtschaft;697.000; Zinsen und sonstige Finanzaufwendungen;Plan;Ausgabe;2018
Allgemeine Finanzwirtschaft;16.01.2002;Sonstige allgemeine Finanzwirtschaft;0; Erträge aus internen Leistungs beziehungen;Plan;Ausgabe;2018
Allgemeine Finanzwirtschaft;16.01.2002;Sonstige allgemeine Finanzwirtschaft;1.817.910; Erträge aus internen Leistungs beziehungen;Plan;Einnahme;2018
Allgemeine Finanzwirtschaft;16.01.2002;Sonstige allgemeine Finanzwirtschaft;0; Aufwendungen aus internen Leistungebeziehungen;Plan;Ausgabe;2018
Bauen und Wohnen;10.01.2001;Maßnahmen der Bauaufsicht;0; Zuwendungen und allgemeine Umlagen;Plan;Einnahme;2018
Bauen und Wohnen;10.01.2001;Maßnahmen der Bauaufsicht;1.000; öffentlich-rechtliche Leistungsentgelte;Plan;Einnahme;2018
Bauen und Wohnen;10.01.2001;Maßnahmen der Bauaufsicht;0; Sonstige ordentliche Erträge;Plan;Einnahme;2018
Bauen und Wohnen;10.01.2001;Maßnahmen der Bauaufsicht;73.750; Personalaufwendungen;Plan;Ausgabe;2018
Bauen und Wohnen;10.01.2001;Maßnahmen der Bauaufsicht;0; Versorgungsaufwendungen;Plan;Ausgabe;2018
Bauen und Wohnen;10.01.2001;Maßnahmen der Bauaufsicht;0; Bilanzielle Abschreibungen;Plan;Ausgabe;2018
Bauen und Wohnen;10.01.2001;Maßnahmen der Bauaufsicht;0; Sonstige ordentliche Aufwendungen;Plan;Ausgabe;2018
Bauen und Wohnen;10.01.2001;Maßnahmen der Bauaufsicht;0; Erträge aus internen Leistungs beziehungen;Plan;Einnahme;2018
Bauen und Wohnen;10.01.2001;Maßnahmen der Bauaufsicht;9.790; Aufwendungen aus internen Leistungebeziehungen;Plan;Ausgabe;2018
Bauen und Wohnen;10.01.2002;Denkmalschutz und -pflege, Stadtbildpflege;0; Zuwendungen und allgemeine Umlagen;Plan;Einnahme;2018
Bauen und Wohnen;10.01.2002;Denkmalschutz und -pflege, Stadtbildpflege;0; Kostenerstattungen und Kostenumlagen;Plan;Einnahme;2018
Bauen und Wohnen;10.01.2002;Denkmalschutz und -pflege, Stadtbildpflege;0; Sonstige ordentliche Erträge;Plan;Einnahme;2018
Bauen und Wohnen;10.01.2002;Denkmalschutz und -pflege, Stadtbildpflege;9.410; Personalaufwendungen;Plan;Ausgabe;2018
Bauen und Wohnen;10.01.2002;Denkmalschutz und -pflege, Stadtbildpflege;0; Versorgungsaufwendungen;Plan;Ausgabe;2018
Bauen und Wohnen;10.01.2002;Denkmalschutz und -pflege, Stadtbildpflege;7.300; Aufwendungen für Sach- und Dienstleistungen;Plan;Ausgabe;2018
Bauen und Wohnen;10.01.2002;Denkmalschutz und -pflege, Stadtbildpflege;0; Aufwendungen für Sach- und Dienstleistungen;Plan;Einnahme;2018
Bauen und Wohnen;10.01.2002;Denkmalschutz und -pflege, Stadtbildpflege;0; Bilanzielle Abschreibungen;Plan;Ausgabe;2018
Bauen und Wohnen;10.01.2002;Denkmalschutz und -pflege, Stadtbildpflege;3.300; Transferaufwendungen;Plan;Ausgabe;2018
Bauen und Wohnen;10.01.2002;Denkmalschutz und -pflege, Stadtbildpflege;0; Sonstige ordentliche Aufwendungen;Plan;Ausgabe;2018
Bauen und Wohnen;10.01.2002;Denkmalschutz und -pflege, Stadtbildpflege;0; Erträge aus internen Leistungs beziehungen;Plan;Einnahme;2018
Bauen und Wohnen;10.01.2002;Denkmalschutz und -pflege, Stadtbildpflege;6.930; Aufwendungen aus internen Leistungebeziehungen;Plan;Ausgabe;2018
Bauen und Wohnen;10.01.2003;Wohnbauförderung, Wohngeld;0; Zuwendungen und allgemeine Umlagen;Plan;Einnahme;2018
Bauen und Wohnen;10.01.2003;Wohnbauförderung, Wohngeld;500; Sonstige ordentliche Erträge;Plan;Einnahme;2018
Bauen und Wohnen;10.01.2003;Wohnbauförderung, Wohngeld;49.490; Personalaufwendungen;Plan;Ausgabe;2018
Bauen und Wohnen;10.01.2003;Wohnbauförderung, Wohngeld;0; Versorgungsaufwendungen;Plan;Ausgabe;2018
Bauen und Wohnen;10.01.2003;Wohnbauförderung, Wohngeld;0; Aufwendungen für Sach- und Dienstleistungen;Plan;Ausgabe;2018
Bauen und Wohnen;10.01.2003;Wohnbauförderung, Wohngeld;0; Bilanzielle Abschreibungen;Plan;Ausgabe;2018
Bauen und Wohnen;10.01.2003;Wohnbauförderung, Wohngeld;50; Sonstige ordentliche Aufwendungen;Plan;Ausgabe;2018
Bauen und Wohnen;10.01.2003;Wohnbauförderung, Wohngeld;0; Erträge aus internen Leistungs beziehungen;Plan;Einnahme;2018
Bauen und Wohnen;10.01.2003;Wohnbauförderung, Wohngeld;8.220; Aufwendungen aus internen Leistungebeziehungen;Plan;Ausgabe;2018
Gesundheitsdienste;07.01.2001;Krankenhäuser;0; Zuwendungen und allgemeine Umlagen;Plan;Einnahme;2018
Gesundheitsdienste;07.01.2001;Krankenhäuser;0; Sonstige ordentliche Erträge;Plan;Einnahme;2018
Gesundheitsdienste;07.01.2001;Krankenhäuser;0; Bilanzielle Abschreibungen;Plan;Ausgabe;2018
Gesundheitsdienste;07.01.2001;Krankenhäuser;380.110; Transferaufwendungen;Plan;Ausgabe;2018
Gesundheitsdienste;07.01.2001;Krankenhäuser;0; Sonstige ordentliche Aufwendungen;Plan;Ausgabe;2018
Gesundheitsdienste;07.01.2001;Krankenhäuser;0; Aufwendungen aus internen Leistungebeziehungen;Plan;Ausgabe;2018
Innere Verwaltung;01.01.2001;Politische Gremien (Bürgermeister, Rat, Ausschüsse, Fraktionen);0; Zuwendungen und allgemeine Umlagen;Plan;Einnahme;2018
Innere Verwaltung;01.01.2001;Politische Gremien (Bürgermeister, Rat, Ausschüsse, Fraktionen);1.370; Sonstige ordentliche Erträge;Plan;Einnahme;2018
Innere Verwaltung;01.01.2001;Politische Gremien (Bürgermeister, Rat, Ausschüsse, Fraktionen);315.670; Personalaufwendungen;Plan;Ausgabe;2018
Innere Verwaltung;01.01.2001;Politische Gremien (Bürgermeister, Rat, Ausschüsse, Fraktionen);0; Versorgungsaufwendungen;Plan;Ausgabe;2018
Innere Verwaltung;01.01.2001;Politische Gremien (Bürgermeister, Rat, Ausschüsse, Fraktionen);23.000; Aufwendungen für Sach- und Dienstleistungen;Plan;Ausgabe;2018
Innere Verwaltung;01.01.2001;Politische Gremien (Bürgermeister, Rat, Ausschüsse, Fraktionen);0; Bilanzielle Abschreibungen;Plan;Ausgabe;2018
Innere Verwaltung;01.01.2001;Politische Gremien (Bürgermeister, Rat, Ausschüsse, Fraktionen);229.120; Sonstige ordentliche Aufwendungen;Plan;Ausgabe;2018
Innere Verwaltung;01.01.2001;Politische Gremien (Bürgermeister, Rat, Ausschüsse, Fraktionen);91.160; Erträge aus internen Leistungs beziehungen;Plan;Einnahme;2018
Innere Verwaltung;01.01.2001;Politische Gremien (Bürgermeister, Rat, Ausschüsse, Fraktionen);35.800; Aufwendungen aus internen Leistungebeziehungen;Plan;Ausgabe;2018
Innere Verwaltung;01.01.2002;Rechnungsprüfung;0; Zuwendungen und allgemeine Umlagen;Plan;Einnahme;2018
Innere Verwaltung;01.01.2002;Rechnungsprüfung;0; Sonstige ordentliche Erträge;Plan;Einnahme;2018
Innere Verwaltung;01.01.2002;Rechnungsprüfung;14.650; Aufwendungen für Sach- und Dienstleistungen;Plan;Ausgabe;2018
Innere Verwaltung;01.01.2002;Rechnungsprüfung;0; Bilanzielle Abschreibungen;Plan;Ausgabe;2018
Innere Verwaltung;01.01.2002;Rechnungsprüfung;0; Sonstige ordentliche Aufwendungen;Plan;Ausgabe;2018
Innere Verwaltung;01.01.2003;Zentrale Dienste und Organisation;23.010; Zuwendungen und allgemeine Umlagen;Plan;Einnahme;2018
Innere Verwaltung;01.01.2003;Zentrale Dienste und Organisation;0; Privatrechtliche Leistungsentgelte;Plan;Einnahme;2018
Innere Verwaltung;01.01.2003;Zentrale Dienste und Organisation;0; Kostenerstattungen und Kostenumlagen;Plan;Einnahme;2018
Innere Verwaltung;01.01.2003;Zentrale Dienste und Organisation;1.000; Sonstige ordentliche Erträge;Plan;Einnahme;2018
Innere Verwaltung;01.01.2003;Zentrale Dienste und Organisation;539.040; Personalaufwendungen;Plan;Ausgabe;2018
Innere Verwaltung;01.01.2003;Zentrale Dienste und Organisation;0; Versorgungsaufwendungen;Plan;Ausgabe;2018
Innere Verwaltung;01.01.2003;Zentrale Dienste und Organisation;135.000; Aufwendungen für Sach- und Dienstleistungen;Plan;Ausgabe;2018
Innere Verwaltung;01.01.2003;Zentrale Dienste und Organisation;80.000; Bilanzielle Abschreibungen;Plan;Ausgabe;2018
Innere Verwaltung;01.01.2003;Zentrale Dienste und Organisation;377.500; Sonstige ordentliche Aufwendungen;Plan;Ausgabe;2018
Innere Verwaltung;01.01.2003;Zentrale Dienste und Organisation;633.230; Erträge aus internen Leistungs beziehungen;Plan;Einnahme;2018
Innere Verwaltung;01.01.2003;Zentrale Dienste und Organisation;62.730; Aufwendungen aus internen Leistungebeziehungen;Plan;Ausgabe;2018
Innere Verwaltung;01.01.2004;Personalmanagement;0; Zuwendungen und allgemeine Umlagen;Plan;Einnahme;2018
Innere Verwaltung;01.01.2004;Personalmanagement;5.140; Kostenerstattungen und Kostenumlagen;Plan;Einnahme;2018
Innere Verwaltung;01.01.2004;Personalmanagement;0; Sonstige ordentliche Erträge;Plan;Einnahme;2018
Innere Verwaltung;01.01.2004;Personalmanagement;102.390; Personalaufwendungen;Plan;Ausgabe;2018
Innere Verwaltung;01.01.2004;Personalmanagement;0; Personalaufwendungen;Plan;Einnahme;2018
Innere Verwaltung;01.01.2004;Personalmanagement;1.021.870; Versorgungsaufwendungen;Plan;Ausgabe;2018
Innere Verwaltung;01.01.2004;Personalmanagement;2.500; Aufwendungen für Sach- und Dienstleistungen;Plan;Ausgabe;2018
Innere Verwaltung;01.01.2004;Personalmanagement;0; Bilanzielle Abschreibungen;Plan;Ausgabe;2018
Innere Verwaltung;01.01.2004;Personalmanagement;25.500; Sonstige ordentliche Aufwendungen;Plan;Ausgabe;2018
Innere Verwaltung;01.01.2004;Personalmanagement;92.490; Erträge aus internen Leistungs beziehungen;Plan;Einnahme;2018
Innere Verwaltung;01.01.2004;Personalmanagement;16.540; Aufwendungen aus internen Leistungebeziehungen;Plan;Ausgabe;2018
Innere Verwaltung;01.02.2001;Gleichstellung von Frau und Mann;0; Zuwendungen und allgemeine Umlagen;Plan;Einnahme;2018
Innere Verwaltung;01.02.2001;Gleichstellung von Frau und Mann;100; Sonstige ordentliche Erträge;Plan;Einnahme;2018
Innere Verwaltung;01.02.2001;Gleichstellung von Frau und Mann;31.060; Personalaufwendungen;Plan;Ausgabe;2018
Innere Verwaltung;01.02.2001;Gleichstellung von Frau und Mann;0; Versorgungsaufwendungen;Plan;Ausgabe;2018
Innere Verwaltung;01.02.2001;Gleichstellung von Frau und Mann;1.500; Aufwendungen für Sach- und Dienstleistungen;Plan;Ausgabe;2018
Innere Verwaltung;01.02.2001;Gleichstellung von Frau und Mann;0; Bilanzielle Abschreibungen;Plan;Ausgabe;2018
Innere Verwaltung;01.02.2001;Gleichstellung von Frau und Mann;0; Sonstige ordentliche Aufwendungen;Plan;Ausgabe;2018
Innere Verwaltung;01.02.2001;Gleichstellung von Frau und Mann;0; Erträge aus internen Leistungs beziehungen;Plan;Einnahme;2018
Innere Verwaltung;01.02.2001;Gleichstellung von Frau und Mann;0; Aufwendungen aus internen Leistungebeziehungen;Plan;Ausgabe;2018
Innere Verwaltung;01.03.2001;Beschäftigtenvertretung;0; Zuwendungen und allgemeine Umlagen;Plan;Einnahme;2018
Innere Verwaltung;01.03.2001;Beschäftigtenvertretung;0; Sonstige ordentliche Erträge;Plan;Einnahme;2018
Innere Verwaltung;01.03.2001;Beschäftigtenvertretung;5.540; Personalaufwendungen;Plan;Ausgabe;2018
Innere Verwaltung;01.03.2001;Beschäftigtenvertretung;0; Versorgungsaufwendungen;Plan;Ausgabe;2018
Innere Verwaltung;01.03.2001;Beschäftigtenvertretung;0; Bilanzielle Abschreibungen;Plan;Ausgabe;2018
Innere Verwaltung;01.03.2001;Beschäftigtenvertretung;4.200; Sonstige ordentliche Aufwendungen;Plan;Ausgabe;2018
Innere Verwaltung;01.03.2001;Beschäftigtenvertretung;0; Erträge aus internen Leistungs beziehungen;Plan;Einnahme;2018
Innere Verwaltung;01.03.2001;Beschäftigtenvertretung;5.110; Aufwendungen aus internen Leistungebeziehungen;Plan;Ausgabe;2018
Innere Verwaltung;01.04.2001;Presse- und Öffentlichkeitsarbeit;0; Zuwendungen und allgemeine Umlagen;Plan;Einnahme;2018
Innere Verwaltung;01.04.2001;Presse- und Öffentlichkeitsarbeit;50; Kostenerstattungen und Kostenumlagen;Plan;Einnahme;2018
Innere Verwaltung;01.04.2001;Presse- und Öffentlichkeitsarbeit;0; Sonstige ordentliche Erträge;Plan;Einnahme;2018
Innere Verwaltung;01.04.2001;Presse- und Öffentlichkeitsarbeit;20.260; Personalaufwendungen;Plan;Ausgabe;2018
Innere Verwaltung;01.04.2001;Presse- und Öffentlichkeitsarbeit;0; Versorgungsaufwendungen;Plan;Ausgabe;2018
Innere Verwaltung;01.04.2001;Presse- und Öffentlichkeitsarbeit;0; Aufwendungen für Sach- und Dienstleistungen;Plan;Ausgabe;2018
Innere Verwaltung;01.04.2001;Presse- und Öffentlichkeitsarbeit;0; Bilanzielle Abschreibungen;Plan;Ausgabe;2018
Innere Verwaltung;01.04.2001;Presse- und Öffentlichkeitsarbeit;12.000; Sonstige ordentliche Aufwendungen;Plan;Ausgabe;2018
Innere Verwaltung;01.04.2001;Presse- und Öffentlichkeitsarbeit;0; Erträge aus internen Leistungs beziehungen;Plan;Einnahme;2018
Innere Verwaltung;01.04.2001;Presse- und Öffentlichkeitsarbeit;4.900; Aufwendungen aus internen Leistungebeziehungen;Plan;Ausgabe;2018
Innere Verwaltung;01.04.2002;Städtepartnerschaften;7.500; Zuwendungen und allgemeine Umlagen;Plan;Einnahme;2018
Innere Verwaltung;01.04.2002;Städtepartnerschaften;0; Sonstige ordentliche Erträge;Plan;Einnahme;2018
Innere Verwaltung;01.04.2002;Städtepartnerschaften;4.180; Personalaufwendungen;Plan;Ausgabe;2018
Innere Verwaltung;01.04.2002;Städtepartnerschaften;0; Versorgungsaufwendungen;Plan;Ausgabe;2018
Innere Verwaltung;01.04.2002;Städtepartnerschaften;29.300; Aufwendungen für Sach- und Dienstleistungen;Plan;Ausgabe;2018
Innere Verwaltung;01.04.2002;Städtepartnerschaften;0; Bilanzielle Abschreibungen;Plan;Ausgabe;2018
Innere Verwaltung;01.04.2002;Städtepartnerschaften;0; Sonstige ordentliche Aufwendungen;Plan;Ausgabe;2018
Innere Verwaltung;01.04.2002;Städtepartnerschaften;0; Erträge aus internen Leistungs beziehungen;Plan;Einnahme;2018
Innere Verwaltung;01.04.2002;Städtepartnerschaften;1.340; Aufwendungen aus internen Leistungebeziehungen;Plan;Ausgabe;2018
Innere Verwaltung;01.05.2001;Finanzplanung und Controlling;0; Zuwendungen und allgemeine Umlagen;Plan;Einnahme;2018
Innere Verwaltung;01.05.2001;Finanzplanung und Controlling;0; Sonstige ordentliche Erträge;Plan;Einnahme;2018
Innere Verwaltung;01.05.2001;Finanzplanung und Controlling;99.110; Personalaufwendungen;Plan;Ausgabe;2018
Innere Verwaltung;01.05.2001;Finanzplanung und Controlling;0; Versorgungsaufwendungen;Plan;Ausgabe;2018
Innere Verwaltung;01.05.2001;Finanzplanung und Controlling;0; Bilanzielle Abschreibungen;Plan;Ausgabe;2018
Innere Verwaltung;01.05.2001;Finanzplanung und Controlling;2.000; Sonstige ordentliche Aufwendungen;Plan;Ausgabe;2018
Innere Verwaltung;01.05.2001;Finanzplanung und Controlling;42.310; Erträge aus internen Leistungs beziehungen;Plan;Einnahme;2018
Innere Verwaltung;01.05.2001;Finanzplanung und Controlling;9.790; Aufwendungen aus internen Leistungebeziehungen;Plan;Ausgabe;2018
Innere Verwaltung;01.05.2002;Finanzbuchhaltung, Zahlungsabwicklung und Vollstreckung;0; Zuwendungen und allgemeine Umlagen;Plan;Einnahme;2018
Innere Verwaltung;01.05.2002;Finanzbuchhaltung, Zahlungsabwicklung und Vollstreckung;30.000; Sonstige ordentliche Erträge;Plan;Einnahme;2018
Innere Verwaltung;01.05.2002;Finanzbuchhaltung, Zahlungsabwicklung und Vollstreckung;234.930; Personalaufwendungen;Plan;Ausgabe;2018
Innere Verwaltung;01.05.2002;Finanzbuchhaltung, Zahlungsabwicklung und Vollstreckung;0; Versorgungsaufwendungen;Plan;Ausgabe;2018
Innere Verwaltung;01.05.2002;Finanzbuchhaltung, Zahlungsabwicklung und Vollstreckung;2.000; Aufwendungen für Sach- und Dienstleistungen;Plan;Ausgabe;2018
Innere Verwaltung;01.05.2002;Finanzbuchhaltung, Zahlungsabwicklung und Vollstreckung;0; Bilanzielle Abschreibungen;Plan;Ausgabe;2018
Innere Verwaltung;01.05.2002;Finanzbuchhaltung, Zahlungsabwicklung und Vollstreckung;6.130; Sonstige ordentliche Aufwendungen;Plan;Ausgabe;2018
Innere Verwaltung;01.05.2002;Finanzbuchhaltung, Zahlungsabwicklung und Vollstreckung;97.980; Erträge aus internen Leistungs beziehungen;Plan;Einnahme;2018
Innere Verwaltung;01.05.2002;Finanzbuchhaltung, Zahlungsabwicklung und Vollstreckung;25.910; Aufwendungen aus internen Leistungebeziehungen;Plan;Ausgabe;2018
Innere Verwaltung;01.05.2003;Steuern und Abgaben;0; Zuwendungen und allgemeine Umlagen;Plan;Einnahme;2018
Innere Verwaltung;01.05.2003;Steuern und Abgaben;0; Sonstige ordentliche Erträge;Plan;Einnahme;2018
Innere Verwaltung;01.05.2003;Steuern und Abgaben;100.590; Personalaufwendungen;Plan;Ausgabe;2018
Innere Verwaltung;01.05.2003;Steuern und Abgaben;0; Versorgungsaufwendungen;Plan;Ausgabe;2018
Innere Verwaltung;01.05.2003;Steuern und Abgaben;0; Bilanzielle Abschreibungen;Plan;Ausgabe;2018
Innere Verwaltung;01.05.2003;Steuern und Abgaben;3.500; Sonstige ordentliche Aufwendungen;Plan;Ausgabe;2018
Innere Verwaltung;01.05.2003;Steuern und Abgaben;76.380; Erträge aus internen Leistungs beziehungen;Plan;Einnahme;2018
Innere Verwaltung;01.05.2003;Steuern und Abgaben;10.260; Aufwendungen aus internen Leistungebeziehungen;Plan;Ausgabe;2018
Innere Verwaltung;01.06.2001;EDV;4.180; Zuwendungen und allgemeine Umlagen;Plan;Einnahme;2018
Innere Verwaltung;01.06.2001;EDV;0; Privatrechtliche Leistungsentgelte;Plan;Einnahme;2018
Innere Verwaltung;01.06.2001;EDV;0; Sonstige ordentliche Erträge;Plan;Einnahme;2018
Innere Verwaltung;01.06.2001;EDV;98.600; Personalaufwendungen;Plan;Ausgabe;2018
Innere Verwaltung;01.06.2001;EDV;0; Versorgungsaufwendungen;Plan;Ausgabe;2018
Innere Verwaltung;01.06.2001;EDV;36.500; Aufwendungen für Sach- und Dienstleistungen;Plan;Ausgabe;2018
Innere Verwaltung;01.06.2001;EDV;56.720; Bilanzielle Abschreibungen;Plan;Ausgabe;2018
Innere Verwaltung;01.06.2001;EDV;0; Sonstige ordentliche Aufwendungen;Plan;Ausgabe;2018
Innere Verwaltung;01.06.2001;EDV;0; Erträge aus internen Leistungs beziehungen;Plan;Einnahme;2018
Innere Verwaltung;01.06.2001;EDV;12.200; Aufwendungen aus internen Leistungebeziehungen;Plan;Ausgabe;2018
Innere Verwaltung;01.07.2001;Liegenschaften;26.760; Zuwendungen und allgemeine Umlagen;Plan;Einnahme;2018
Innere Verwaltung;01.07.2001;Liegenschaften;2.000; öffentlich-rechtliche Leistungsentgelte;Plan;Einnahme;2018
Innere Verwaltung;01.07.2001;Liegenschaften;72.700; Privatrechtliche Leistungsentgelte;Plan;Einnahme;2018
Innere Verwaltung;01.07.2001;Liegenschaften;0; Kostenerstattungen und Kostenumlagen;Plan;Einnahme;2018
Innere Verwaltung;01.07.2001;Liegenschaften;1.316.900; Sonstige ordentliche Erträge;Plan;Einnahme;2018
Innere Verwaltung;01.07.2001;Liegenschaften;91.460; Personalaufwendungen;Plan;Ausgabe;2018
Innere Verwaltung;01.07.2001;Liegenschaften;0; Versorgungsaufwendungen;Plan;Ausgabe;2018
Innere Verwaltung;01.07.2001;Liegenschaften;80.600; Aufwendungen für Sach- und Dienstleistungen;Plan;Ausgabe;2018
Innere Verwaltung;01.07.2001;Liegenschaften;100.000; Bilanzielle Abschreibungen;Plan;Ausgabe;2018
Innere Verwaltung;01.07.2001;Liegenschaften;400; Transferaufwendungen;Plan;Ausgabe;2018
Innere Verwaltung;01.07.2001;Liegenschaften;1.200; Sonstige ordentliche Aufwendungen;Plan;Ausgabe;2018
Innere Verwaltung;01.07.2001;Liegenschaften;0; Erträge aus internen Leistungs beziehungen;Plan;Einnahme;2018
Innere Verwaltung;01.07.2001;Liegenschaften;19.640; Aufwendungen aus internen Leistungebeziehungen;Plan;Ausgabe;2018
Innere Verwaltung;01.07.2002;Hochbau und Bauverwaltung;63.710; Zuwendungen und allgemeine Umlagen;Plan;Einnahme;2018
Innere Verwaltung;01.07.2002;Hochbau und Bauverwaltung;681.000; öffentlich-rechtliche Leistungsentgelte;Plan;Einnahme;2018
Innere Verwaltung;01.07.2002;Hochbau und Bauverwaltung;160.000; Privatrechtliche Leistungsentgelte;Plan;Einnahme;2018
Innere Verwaltung;01.07.2002;Hochbau und Bauverwaltung;1.000; Kostenerstattungen und Kostenumlagen;Plan;Einnahme;2018
Innere Verwaltung;01.07.2002;Hochbau und Bauverwaltung;0; Sonstige ordentliche Erträge;Plan;Einnahme;2018
Innere Verwaltung;01.07.2002;Hochbau und Bauverwaltung;452.660; Personalaufwendungen;Plan;Ausgabe;2018
Innere Verwaltung;01.07.2002;Hochbau und Bauverwaltung;0; Versorgungsaufwendungen;Plan;Ausgabe;2018
Innere Verwaltung;01.07.2002;Hochbau und Bauverwaltung;530.460; Aufwendungen für Sach- und Dienstleistungen;Plan;Ausgabe;2018
Innere Verwaltung;01.07.2002;Hochbau und Bauverwaltung;0; Aufwendungen für Sach- und Dienstleistungen;Plan;Einnahme;2018
Innere Verwaltung;01.07.2002;Hochbau und Bauverwaltung;168.480; Bilanzielle Abschreibungen;Plan;Ausgabe;2018
Innere Verwaltung;01.07.2002;Hochbau und Bauverwaltung;136.000; Sonstige ordentliche Aufwendungen;Plan;Ausgabe;2018
Innere Verwaltung;01.07.2002;Hochbau und Bauverwaltung;0; Erträge aus internen Leistungs beziehungen;Plan;Einnahme;2018
Innere Verwaltung;01.07.2002;Hochbau und Bauverwaltung;124.010; Aufwendungen aus internen Leistungebeziehungen;Plan;Ausgabe;2018
Innere Verwaltung;01.08.2001;Bauhof;37.770; Zuwendungen und allgemeine Umlagen;Plan;Einnahme;2018
Innere Verwaltung;01.08.2001;Bauhof;18.500; Kostenerstattungen und Kostenumlagen;Plan;Einnahme;2018
Innere Verwaltung;01.08.2001;Bauhof;1.200; Sonstige ordentliche Erträge;Plan;Einnahme;2018
Innere Verwaltung;01.08.2001;Bauhof;0; Aktivierte Eigenleistungen;Plan;Einnahme;2018
Innere Verwaltung;01.08.2001;Bauhof;1.152.410; Personalaufwendungen;Plan;Ausgabe;2018
Innere Verwaltung;01.08.2001;Bauhof;0; Versorgungsaufwendungen;Plan;Ausgabe;2018
Innere Verwaltung;01.08.2001;Bauhof;136.000; Aufwendungen für Sach- und Dienstleistungen;Plan;Ausgabe;2018
Innere Verwaltung;01.08.2001;Bauhof;136.570; Bilanzielle Abschreibungen;Plan;Ausgabe;2018
Innere Verwaltung;01.08.2001;Bauhof;12.000; Sonstige ordentliche Aufwendungen;Plan;Ausgabe;2018
Innere Verwaltung;01.08.2001;Bauhof;1.528.280; Erträge aus internen Leistungs beziehungen;Plan;Einnahme;2018
Innere Verwaltung;01.08.2001;Bauhof;459.250; Aufwendungen aus internen Leistungebeziehungen;Plan;Ausgabe;2018
Kinder-, Jugend- und Familienhilfe;06.01.2001;Tageseinrichtungen für Kinder;36.070; Zuwendungen und allgemeine Umlagen;Plan;Einnahme;2018
Kinder-, Jugend- und Familienhilfe;06.01.2001;Tageseinrichtungen für Kinder;178.300; Privatrechtliche Leistungsentgelte;Plan;Einnahme;2018
Kinder-, Jugend- und Familienhilfe;06.01.2001;Tageseinrichtungen für Kinder;0; Sonstige ordentliche Erträge;Plan;Einnahme;2018
Kinder-, Jugend- und Familienhilfe;06.01.2001;Tageseinrichtungen für Kinder;3.010; Personalaufwendungen;Plan;Ausgabe;2018
Kinder-, Jugend- und Familienhilfe;06.01.2001;Tageseinrichtungen für Kinder;0; Versorgungsaufwendungen;Plan;Ausgabe;2018
Kinder-, Jugend- und Familienhilfe;06.01.2001;Tageseinrichtungen für Kinder;0; Aufwendungen für Sach- und Dienstleistungen;Plan;Ausgabe;2018
Kinder-, Jugend- und Familienhilfe;06.01.2001;Tageseinrichtungen für Kinder;42.050; Bilanzielle Abschreibungen;Plan;Ausgabe;2018
Kinder-, Jugend- und Familienhilfe;06.01.2001;Tageseinrichtungen für Kinder;431.460; Transferaufwendungen;Plan;Ausgabe;2018
Kinder-, Jugend- und Familienhilfe;06.01.2001;Tageseinrichtungen für Kinder;0; Sonstige ordentliche Aufwendungen;Plan;Ausgabe;2018
Kinder-, Jugend- und Familienhilfe;06.01.2001;Tageseinrichtungen für Kinder;0; Erträge aus internen Leistungs beziehungen;Plan;Einnahme;2018
Kinder-, Jugend- und Familienhilfe;06.01.2001;Tageseinrichtungen für Kinder;370; Aufwendungen aus internen Leistungebeziehungen;Plan;Ausgabe;2018
Kinder-, Jugend- und Familienhilfe;06.01.2002;Förderung der Jugendarbeit (in Kultur-, Musik- und Sportvereinen, Jugendbegegnungen);5.000; Zuwendungen und allgemeine Umlagen;Plan;Einnahme;2018
Kinder-, Jugend- und Familienhilfe;06.01.2002;Förderung der Jugendarbeit (in Kultur-, Musik- und Sportvereinen, Jugendbegegnungen);2.430; Privatrechtliche Leistungsentgelte;Plan;Einnahme;2018
Kinder-, Jugend- und Familienhilfe;06.01.2002;Förderung der Jugendarbeit (in Kultur-, Musik- und Sportvereinen, Jugendbegegnungen);0; Kostenerstattungen und Kostenumlagen;Plan;Einnahme;2018
Kinder-, Jugend- und Familienhilfe;06.01.2002;Förderung der Jugendarbeit (in Kultur-, Musik- und Sportvereinen, Jugendbegegnungen);0; Sonstige ordentliche Erträge;Plan;Einnahme;2018
Kinder-, Jugend- und Familienhilfe;06.01.2002;Förderung der Jugendarbeit (in Kultur-, Musik- und Sportvereinen, Jugendbegegnungen);10.460; Personalaufwendungen;Plan;Ausgabe;2018
Kinder-, Jugend- und Familienhilfe;06.01.2002;Förderung der Jugendarbeit (in Kultur-, Musik- und Sportvereinen, Jugendbegegnungen);0; Versorgungsaufwendungen;Plan;Ausgabe;2018
Kinder-, Jugend- und Familienhilfe;06.01.2002;Förderung der Jugendarbeit (in Kultur-, Musik- und Sportvereinen, Jugendbegegnungen);10.700; Aufwendungen für Sach- und Dienstleistungen;Plan;Ausgabe;2018
Kinder-, Jugend- und Familienhilfe;06.01.2002;Förderung der Jugendarbeit (in Kultur-, Musik- und Sportvereinen, Jugendbegegnungen);0; Bilanzielle Abschreibungen;Plan;Ausgabe;2018
Kinder-, Jugend- und Familienhilfe;06.01.2002;Förderung der Jugendarbeit (in Kultur-, Musik- und Sportvereinen, Jugendbegegnungen);91.150; Transferaufwendungen;Plan;Ausgabe;2018
Kinder-, Jugend- und Familienhilfe;06.01.2002;Förderung der Jugendarbeit (in Kultur-, Musik- und Sportvereinen, Jugendbegegnungen);300; Sonstige ordentliche Aufwendungen;Plan;Ausgabe;2018
Kinder-, Jugend- und Familienhilfe;06.01.2002;Förderung der Jugendarbeit (in Kultur-, Musik- und Sportvereinen, Jugendbegegnungen);0; Erträge aus internen Leistungs beziehungen;Plan;Einnahme;2018
Kinder-, Jugend- und Familienhilfe;06.01.2002;Förderung der Jugendarbeit (in Kultur-, Musik- und Sportvereinen, Jugendbegegnungen);3.310; Aufwendungen aus internen Leistungebeziehungen;Plan;Ausgabe;2018
Kinder-, Jugend- und Familienhilfe;06.01.2003;Förderung der Jugendarbeit im Jugendwerk e. V.;245.620; Zuwendungen und allgemeine Umlagen;Plan;Einnahme;2018
Kinder-, Jugend- und Familienhilfe;06.01.2003;Förderung der Jugendarbeit im Jugendwerk e. V.;0; Kostenerstattungen und Kostenumlagen;Plan;Einnahme;2018
Kinder-, Jugend- und Familienhilfe;06.01.2003;Förderung der Jugendarbeit im Jugendwerk e. V.;0; Sonstige ordentliche Erträge;Plan;Einnahme;2018
Kinder-, Jugend- und Familienhilfe;06.01.2003;Förderung der Jugendarbeit im Jugendwerk e. V.;17.510; Personalaufwendungen;Plan;Ausgabe;2018
Kinder-, Jugend- und Familienhilfe;06.01.2003;Förderung der Jugendarbeit im Jugendwerk e. V.;0; Versorgungsaufwendungen;Plan;Ausgabe;2018
Kinder-, Jugend- und Familienhilfe;06.01.2003;Förderung der Jugendarbeit im Jugendwerk e. V.;16.600; Aufwendungen für Sach- und Dienstleistungen;Plan;Ausgabe;2018
Kinder-, Jugend- und Familienhilfe;06.01.2003;Förderung der Jugendarbeit im Jugendwerk e. V.;18.580; Bilanzielle Abschreibungen;Plan;Ausgabe;2018
Kinder-, Jugend- und Familienhilfe;06.01.2003;Förderung der Jugendarbeit im Jugendwerk e. V.;292.340; Transferaufwendungen;Plan;Ausgabe;2018
Kinder-, Jugend- und Familienhilfe;06.01.2003;Förderung der Jugendarbeit im Jugendwerk e. V.;0; Sonstige ordentliche Aufwendungen;Plan;Ausgabe;2018
Kinder-, Jugend- und Familienhilfe;06.01.2003;Förderung der Jugendarbeit im Jugendwerk e. V.;0; Erträge aus internen Leistungs beziehungen;Plan;Einnahme;2018
Kinder-, Jugend- und Familienhilfe;06.01.2003;Förderung der Jugendarbeit im Jugendwerk e. V.;4.170; Aufwendungen aus internen Leistungebeziehungen;Plan;Ausgabe;2018
Kinder-, Jugend- und Familienhilfe;06.01.2004;Förderung der Familien;0; Zuwendungen und allgemeine Umlagen;Plan;Einnahme;2018
Kinder-, Jugend- und Familienhilfe;06.01.2004;Förderung der Familien;0; Sonstige ordentliche Erträge;Plan;Einnahme;2018
Kinder-, Jugend- und Familienhilfe;06.01.2004;Förderung der Familien;3.010; Personalaufwendungen;Plan;Ausgabe;2018
Kinder-, Jugend- und Familienhilfe;06.01.2004;Förderung der Familien;0; Versorgungsaufwendungen;Plan;Ausgabe;2018
Kinder-, Jugend- und Familienhilfe;06.01.2004;Förderung der Familien;0; Bilanzielle Abschreibungen;Plan;Ausgabe;2018
Kinder-, Jugend- und Familienhilfe;06.01.2004;Förderung der Familien;10.000; Transferaufwendungen;Plan;Ausgabe;2018
Kinder-, Jugend- und Familienhilfe;06.01.2004;Förderung der Familien;0; Sonstige ordentliche Aufwendungen;Plan;Ausgabe;2018
Kinder-, Jugend- und Familienhilfe;06.01.2004;Förderung der Familien;0; Erträge aus internen Leistungs beziehungen;Plan;Einnahme;2018
Kinder-, Jugend- und Familienhilfe;06.01.2004;Förderung der Familien;370; Aufwendungen aus internen Leistungebeziehungen;Plan;Ausgabe;2018
Kinder-, Jugend- und Familienhilfe;06.02.2001;Spiel- und Bolzplätze;3.420; Zuwendungen und allgemeine Umlagen;Plan;Einnahme;2018
Kinder-, Jugend- und Familienhilfe;06.02.2001;Spiel- und Bolzplätze;0; Sonstige ordentliche Erträge;Plan;Einnahme;2018
Kinder-, Jugend- und Familienhilfe;06.02.2001;Spiel- und Bolzplätze;9.580; Personalaufwendungen;Plan;Ausgabe;2018
Kinder-, Jugend- und Familienhilfe;06.02.2001;Spiel- und Bolzplätze;0; Versorgungsaufwendungen;Plan;Ausgabe;2018
Kinder-, Jugend- und Familienhilfe;06.02.2001;Spiel- und Bolzplätze;36.500; Aufwendungen für Sach- und Dienstleistungen;Plan;Ausgabe;2018
Kinder-, Jugend- und Familienhilfe;06.02.2001;Spiel- und Bolzplätze;59.810; Bilanzielle Abschreibungen;Plan;Ausgabe;2018
Kinder-, Jugend- und Familienhilfe;06.02.2001;Spiel- und Bolzplätze;2.200; Sonstige ordentliche Aufwendungen;Plan;Ausgabe;2018
Kinder-, Jugend- und Familienhilfe;06.02.2001;Spiel- und Bolzplätze;0; Erträge aus internen Leistungs beziehungen;Plan;Einnahme;2018
Kinder-, Jugend- und Familienhilfe;06.02.2001;Spiel- und Bolzplätze;117.270; Aufwendungen aus internen Leistungebeziehungen;Plan;Ausgabe;2018
Kultur und Wissenschaft;04.01.2001;Stadtarchiv;0; Zuwendungen und allgemeine Umlagen;Plan;Einnahme;2018
Kultur und Wissenschaft;04.01.2001;Stadtarchiv;1.200; Privatrechtliche Leistungsentgelte;Plan;Einnahme;2018
Kultur und Wissenschaft;04.01.2001;Stadtarchiv;26.000; Kostenerstattungen und Kostenumlagen;Plan;Einnahme;2018
Kultur und Wissenschaft;04.01.2001;Stadtarchiv;0; Sonstige ordentliche Erträge;Plan;Einnahme;2018
Kultur und Wissenschaft;04.01.2001;Stadtarchiv;87.100; Personalaufwendungen;Plan;Ausgabe;2018
Kultur und Wissenschaft;04.01.2001;Stadtarchiv;0; Versorgungsaufwendungen;Plan;Ausgabe;2018
Kultur und Wissenschaft;04.01.2001;Stadtarchiv;9.610; Aufwendungen für Sach- und Dienstleistungen;Plan;Ausgabe;2018
Kultur und Wissenschaft;04.01.2001;Stadtarchiv;1.820; Bilanzielle Abschreibungen;Plan;Ausgabe;2018
Kultur und Wissenschaft;04.01.2001;Stadtarchiv;860; Sonstige ordentliche Aufwendungen;Plan;Ausgabe;2018
Kultur und Wissenschaft;04.01.2001;Stadtarchiv;0; Erträge aus internen Leistungs beziehungen;Plan;Einnahme;2018
Kultur und Wissenschaft;04.01.2001;Stadtarchiv;1.120; Aufwendungen aus internen Leistungebeziehungen;Plan;Ausgabe;2018
Kultur und Wissenschaft;04.01.2002;Theater;0; Zuwendungen und allgemeine Umlagen;Plan;Einnahme;2018
Kultur und Wissenschaft;04.01.2002;Theater;10.000; öffentlich-rechtliche Leistungsentgelte;Plan;Einnahme;2018
Kultur und Wissenschaft;04.01.2002;Theater;0; Sonstige ordentliche Erträge;Plan;Einnahme;2018
Kultur und Wissenschaft;04.01.2002;Theater;8.600; Personalaufwendungen;Plan;Ausgabe;2018
Kultur und Wissenschaft;04.01.2002;Theater;0; Versorgungsaufwendungen;Plan;Ausgabe;2018
Kultur und Wissenschaft;04.01.2002;Theater;20.000; Aufwendungen für Sach- und Dienstleistungen;Plan;Ausgabe;2018
Kultur und Wissenschaft;04.01.2002;Theater;0; Bilanzielle Abschreibungen;Plan;Ausgabe;2018
Kultur und Wissenschaft;04.01.2002;Theater;0; Sonstige ordentliche Aufwendungen;Plan;Ausgabe;2018
Kultur und Wissenschaft;04.01.2002;Theater;0; Erträge aus internen Leistungs beziehungen;Plan;Einnahme;2018
Kultur und Wissenschaft;04.01.2002;Theater;4.030; Aufwendungen aus internen Leistungebeziehungen;Plan;Ausgabe;2018
Kultur und Wissenschaft;04.01.2003;Musikpflege (ohne Musikschulen);1.500; Zuwendungen und allgemeine Umlagen;Plan;Einnahme;2018
Kultur und Wissenschaft;04.01.2003;Musikpflege (ohne Musikschulen);4.500; öffentlich-rechtliche Leistungsentgelte;Plan;Einnahme;2018
Kultur und Wissenschaft;04.01.2003;Musikpflege (ohne Musikschulen);0; Sonstige ordentliche Erträge;Plan;Einnahme;2018
Kultur und Wissenschaft;04.01.2003;Musikpflege (ohne Musikschulen);8.350; Personalaufwendungen;Plan;Ausgabe;2018
Kultur und Wissenschaft;04.01.2003;Musikpflege (ohne Musikschulen);0; Versorgungsaufwendungen;Plan;Ausgabe;2018
Kultur und Wissenschaft;04.01.2003;Musikpflege (ohne Musikschulen);19.000; Aufwendungen für Sach- und Dienstleistungen;Plan;Ausgabe;2018
Kultur und Wissenschaft;04.01.2003;Musikpflege (ohne Musikschulen);0; Bilanzielle Abschreibungen;Plan;Ausgabe;2018
Kultur und Wissenschaft;04.01.2003;Musikpflege (ohne Musikschulen);2.000; Transferaufwendungen;Plan;Ausgabe;2018
Kultur und Wissenschaft;04.01.2003;Musikpflege (ohne Musikschulen);300; Sonstige ordentliche Aufwendungen;Plan;Ausgabe;2018
Kultur und Wissenschaft;04.01.2003;Musikpflege (ohne Musikschulen);0; Erträge aus internen Leistungs beziehungen;Plan;Einnahme;2018
Kultur und Wissenschaft;04.01.2003;Musikpflege (ohne Musikschulen);5.550; Aufwendungen aus internen Leistungebeziehungen;Plan;Ausgabe;2018
Kultur und Wissenschaft;04.01.2004;Musikschulen;50.770; Zuwendungen und allgemeine Umlagen;Plan;Einnahme;2018
Kultur und Wissenschaft;04.01.2004;Musikschulen;180.000; öffentlich-rechtliche Leistungsentgelte;Plan;Einnahme;2018
Kultur und Wissenschaft;04.01.2004;Musikschulen;0; Kostenerstattungen und Kostenumlagen;Plan;Einnahme;2018
Kultur und Wissenschaft;04.01.2004;Musikschulen;200; Sonstige ordentliche Erträge;Plan;Einnahme;2018
Kultur und Wissenschaft;04.01.2004;Musikschulen;451.870; Personalaufwendungen;Plan;Ausgabe;2018
Kultur und Wissenschaft;04.01.2004;Musikschulen;0; Versorgungsaufwendungen;Plan;Ausgabe;2018
Kultur und Wissenschaft;04.01.2004;Musikschulen;24.500; Aufwendungen für Sach- und Dienstleistungen;Plan;Ausgabe;2018
Kultur und Wissenschaft;04.01.2004;Musikschulen;3.900; Bilanzielle Abschreibungen;Plan;Ausgabe;2018
Kultur und Wissenschaft;04.01.2004;Musikschulen;0; Transferaufwendungen;Plan;Ausgabe;2018
Kultur und Wissenschaft;04.01.2004;Musikschulen;4.000; Sonstige ordentliche Aufwendungen;Plan;Ausgabe;2018
Kultur und Wissenschaft;04.01.2004;Musikschulen;0; Erträge aus internen Leistungs beziehungen;Plan;Einnahme;2018
Kultur und Wissenschaft;04.01.2004;Musikschulen;1.840; Aufwendungen aus internen Leistungebeziehungen;Plan;Ausgabe;2018
Kultur und Wissenschaft;04.01.2005;Heimat-, Kultur- und Kunstpflege;57.660; Zuwendungen und allgemeine Umlagen;Plan;Einnahme;2018
Kultur und Wissenschaft;04.01.2005;Heimat-, Kultur- und Kunstpflege;420; Privatrechtliche Leistungsentgelte;Plan;Einnahme;2018
Kultur und Wissenschaft;04.01.2005;Heimat-, Kultur- und Kunstpflege;0; Kostenerstattungen und Kostenumlagen;Plan;Einnahme;2018
Kultur und Wissenschaft;04.01.2005;Heimat-, Kultur- und Kunstpflege;3.100; Sonstige ordentliche Erträge;Plan;Einnahme;2018
Kultur und Wissenschaft;04.01.2005;Heimat-, Kultur- und Kunstpflege;43.630; Personalaufwendungen;Plan;Ausgabe;2018
Kultur und Wissenschaft;04.01.2005;Heimat-, Kultur- und Kunstpflege;0; Versorgungsaufwendungen;Plan;Ausgabe;2018
Kultur und Wissenschaft;04.01.2005;Heimat-, Kultur- und Kunstpflege;44.070; Aufwendungen für Sach- und Dienstleistungen;Plan;Ausgabe;2018
Kultur und Wissenschaft;04.01.2005;Heimat-, Kultur- und Kunstpflege;12.930; Bilanzielle Abschreibungen;Plan;Ausgabe;2018
Kultur und Wissenschaft;04.01.2005;Heimat-, Kultur- und Kunstpflege;31.100; Transferaufwendungen;Plan;Ausgabe;2018
Kultur und Wissenschaft;04.01.2005;Heimat-, Kultur- und Kunstpflege;510; Sonstige ordentliche Aufwendungen;Plan;Ausgabe;2018
Kultur und Wissenschaft;04.01.2005;Heimat-, Kultur- und Kunstpflege;0; Erträge aus internen Leistungs beziehungen;Plan;Einnahme;2018
Kultur und Wissenschaft;04.01.2005;Heimat-, Kultur- und Kunstpflege;47.080; Aufwendungen aus internen Leistungebeziehungen;Plan;Ausgabe;2018
Kultur und Wissenschaft;04.01.2006;VHS;380; Zuwendungen und allgemeine Umlagen;Plan;Einnahme;2018
Kultur und Wissenschaft;04.01.2006;VHS;0; Sonstige ordentliche Erträge;Plan;Einnahme;2018
Kultur und Wissenschaft;04.01.2006;VHS;4.190; Personalaufwendungen;Plan;Ausgabe;2018
Kultur und Wissenschaft;04.01.2006;VHS;0; Versorgungsaufwendungen;Plan;Ausgabe;2018
Kultur und Wissenschaft;04.01.2006;VHS;35.700; Aufwendungen für Sach- und Dienstleistungen;Plan;Ausgabe;2018
Kultur und Wissenschaft;04.01.2006;VHS;14.970; Bilanzielle Abschreibungen;Plan;Ausgabe;2018
Kultur und Wissenschaft;04.01.2006;VHS;84.160; Transferaufwendungen;Plan;Ausgabe;2018
Kultur und Wissenschaft;04.01.2006;VHS;0; Sonstige ordentliche Aufwendungen;Plan;Ausgabe;2018
Kultur und Wissenschaft;04.01.2006;VHS;0; Erträge aus internen Leistungs beziehungen;Plan;Einnahme;2018
Kultur und Wissenschaft;04.01.2006;VHS;1.200; Aufwendungen aus internen Leistungebeziehungen;Plan;Ausgabe;2018
Kultur und Wissenschaft;04.01.2007;Bücherei;0; Zuwendungen und allgemeine Umlagen;Plan;Einnahme;2018
Kultur und Wissenschaft;04.01.2007;Bücherei;0; Sonstige ordentliche Erträge;Plan;Einnahme;2018
Kultur und Wissenschaft;04.01.2007;Bücherei;9.060; Personalaufwendungen;Plan;Ausgabe;2018
Kultur und Wissenschaft;04.01.2007;Bücherei;0; Versorgungsaufwendungen;Plan;Ausgabe;2018
Kultur und Wissenschaft;04.01.2007;Bücherei;0; Bilanzielle Abschreibungen;Plan;Ausgabe;2018
Kultur und Wissenschaft;04.01.2007;Bücherei;151.400; Transferaufwendungen;Plan;Ausgabe;2018
Kultur und Wissenschaft;04.01.2007;Bücherei;0; Sonstige ordentliche Aufwendungen;Plan;Ausgabe;2018
Kultur und Wissenschaft;04.01.2007;Bücherei;0; Erträge aus internen Leistungs beziehungen;Plan;Einnahme;2018
Kultur und Wissenschaft;04.01.2007;Bücherei;420; Aufwendungen aus internen Leistungebeziehungen;Plan;Ausgabe;2018
Natur- und Landschaftspflege;13.01.2001;Losbergpark;4.100; Zuwendungen und allgemeine Umlagen;Plan;Einnahme;2018
Natur- und Landschaftspflege;13.01.2001;Losbergpark;6.000; Privatrechtliche Leistungsentgelte;Plan;Einnahme;2018
Natur- und Landschaftspflege;13.01.2001;Losbergpark;0; Kostenerstattungen und Kostenumlagen;Plan;Einnahme;2018
Natur- und Landschaftspflege;13.01.2001;Losbergpark;0; Sonstige ordentliche Erträge;Plan;Einnahme;2018
Natur- und Landschaftspflege;13.01.2001;Losbergpark;58.880; Personalaufwendungen;Plan;Ausgabe;2018
Natur- und Landschaftspflege;13.01.2001;Losbergpark;0; Versorgungsaufwendungen;Plan;Ausgabe;2018
Natur- und Landschaftspflege;13.01.2001;Losbergpark;75.950; Aufwendungen für Sach- und Dienstleistungen;Plan;Ausgabe;2018
Natur- und Landschaftspflege;13.01.2001;Losbergpark;0; Aufwendungen für Sach- und Dienstleistungen;Plan;Einnahme;2018
Natur- und Landschaftspflege;13.01.2001;Losbergpark;20.510; Bilanzielle Abschreibungen;Plan;Ausgabe;2018
Natur- und Landschaftspflege;13.01.2001;Losbergpark;200; Sonstige ordentliche Aufwendungen;Plan;Ausgabe;2018
Natur- und Landschaftspflege;13.01.2001;Losbergpark;0; Erträge aus internen Leistungs beziehungen;Plan;Einnahme;2018
Natur- und Landschaftspflege;13.01.2001;Losbergpark;16.340; Aufwendungen aus internen Leistungebeziehungen;Plan;Ausgabe;2018
Natur- und Landschaftspflege;13.01.2002;Sonstige Öffentliche Grünanlagen;0; Zuwendungen und allgemeine Umlagen;Plan;Einnahme;2018
Natur- und Landschaftspflege;13.01.2002;Sonstige Öffentliche Grünanlagen;309.000; Kostenerstattungen und Kostenumlagen;Plan;Einnahme;2018
Natur- und Landschaftspflege;13.01.2002;Sonstige Öffentliche Grünanlagen;2.500; Sonstige ordentliche Erträge;Plan;Einnahme;2018
Natur- und Landschaftspflege;13.01.2002;Sonstige Öffentliche Grünanlagen;14.080; Personalaufwendungen;Plan;Ausgabe;2018
Natur- und Landschaftspflege;13.01.2002;Sonstige Öffentliche Grünanlagen;0; Versorgungsaufwendungen;Plan;Ausgabe;2018
Natur- und Landschaftspflege;13.01.2002;Sonstige Öffentliche Grünanlagen;125.360; Aufwendungen für Sach- und Dienstleistungen;Plan;Ausgabe;2018
Natur- und Landschaftspflege;13.01.2002;Sonstige Öffentliche Grünanlagen;42.090; Bilanzielle Abschreibungen;Plan;Ausgabe;2018
Natur- und Landschaftspflege;13.01.2002;Sonstige Öffentliche Grünanlagen;800; Transferaufwendungen;Plan;Ausgabe;2018
Natur- und Landschaftspflege;13.01.2002;Sonstige Öffentliche Grünanlagen;310.500; Sonstige ordentliche Aufwendungen;Plan;Ausgabe;2018
Natur- und Landschaftspflege;13.01.2002;Sonstige Öffentliche Grünanlagen;0; Erträge aus internen Leistungs beziehungen;Plan;Einnahme;2018
Natur- und Landschaftspflege;13.01.2002;Sonstige Öffentliche Grünanlagen;60.290; Aufwendungen aus internen Leistungebeziehungen;Plan;Ausgabe;2018
Natur- und Landschaftspflege;13.01.2003;Rad-, Reit- und Wanderwege;1.240; Zuwendungen und allgemeine Umlagen;Plan;Einnahme;2018
Natur- und Landschaftspflege;13.01.2003;Rad-, Reit- und Wanderwege;0; Kostenerstattungen und Kostenumlagen;Plan;Einnahme;2018
Natur- und Landschaftspflege;13.01.2003;Rad-, Reit- und Wanderwege;0; Sonstige ordentliche Erträge;Plan;Einnahme;2018
Natur- und Landschaftspflege;13.01.2003;Rad-, Reit- und Wanderwege;3.820; Personalaufwendungen;Plan;Ausgabe;2018
Natur- und Landschaftspflege;13.01.2003;Rad-, Reit- und Wanderwege;27.700; Aufwendungen für Sach- und Dienstleistungen;Plan;Ausgabe;2018
Natur- und Landschaftspflege;13.01.2003;Rad-, Reit- und Wanderwege;4.490; Bilanzielle Abschreibungen;Plan;Ausgabe;2018
Natur- und Landschaftspflege;13.01.2003;Rad-, Reit- und Wanderwege;11.000; Transferaufwendungen;Plan;Ausgabe;2018
Natur- und Landschaftspflege;13.01.2003;Rad-, Reit- und Wanderwege;1.400; Sonstige ordentliche Aufwendungen;Plan;Ausgabe;2018
Natur- und Landschaftspflege;13.01.2003;Rad-, Reit- und Wanderwege;0; Erträge aus internen Leistungs beziehungen;Plan;Einnahme;2018
Natur- und Landschaftspflege;13.01.2003;Rad-, Reit- und Wanderwege;9.840; Aufwendungen aus internen Leistungebeziehungen;Plan;Ausgabe;2018
Natur- und Landschaftspflege;13.01.2004;Öffentliche Gewässer, wasserbauliche Anlagen;266.500; Zuwendungen und allgemeine Umlagen;Plan;Einnahme;2018
Natur- und Landschaftspflege;13.01.2004;Öffentliche Gewässer, wasserbauliche Anlagen;175.000; öffentlich-rechtliche Leistungsentgelte;Plan;Einnahme;2018
Natur- und Landschaftspflege;13.01.2004;Öffentliche Gewässer, wasserbauliche Anlagen;0; Sonstige ordentliche Erträge;Plan;Einnahme;2018
Natur- und Landschaftspflege;13.01.2004;Öffentliche Gewässer, wasserbauliche Anlagen;195.520; Personalaufwendungen;Plan;Ausgabe;2018
Natur- und Landschaftspflege;13.01.2004;Öffentliche Gewässer, wasserbauliche Anlagen;0; Versorgungsaufwendungen;Plan;Ausgabe;2018
Natur- und Landschaftspflege;13.01.2004;Öffentliche Gewässer, wasserbauliche Anlagen;13.000; Aufwendungen für Sach- und Dienstleistungen;Plan;Ausgabe;2018
Natur- und Landschaftspflege;13.01.2004;Öffentliche Gewässer, wasserbauliche Anlagen;0; Bilanzielle Abschreibungen;Plan;Ausgabe;2018
Natur- und Landschaftspflege;13.01.2004;Öffentliche Gewässer, wasserbauliche Anlagen;180.800; Transferaufwendungen;Plan;Ausgabe;2018
Natur- und Landschaftspflege;13.01.2004;Öffentliche Gewässer, wasserbauliche Anlagen;1.690; Sonstige ordentliche Aufwendungen;Plan;Ausgabe;2018
Natur- und Landschaftspflege;13.01.2004;Öffentliche Gewässer, wasserbauliche Anlagen;0; Erträge aus internen Leistungs beziehungen;Plan;Einnahme;2018
Natur- und Landschaftspflege;13.01.2004;Öffentliche Gewässer, wasserbauliche Anlagen;45.450; Aufwendungen aus internen Leistungebeziehungen;Plan;Ausgabe;2018
Natur- und Landschaftspflege;13.02.2001;Friedhofsverwaltung und Bestattungswesen;3.480; Zuwendungen und allgemeine Umlagen;Plan;Einnahme;2018
Natur- und Landschaftspflege;13.02.2001;Friedhofsverwaltung und Bestattungswesen;155.190; öffentlich-rechtliche Leistungsentgelte;Plan;Einnahme;2018
Natur- und Landschaftspflege;13.02.2001;Friedhofsverwaltung und Bestattungswesen;5.500; Kostenerstattungen und Kostenumlagen;Plan;Einnahme;2018
Natur- und Landschaftspflege;13.02.2001;Friedhofsverwaltung und Bestattungswesen;0; Sonstige ordentliche Erträge;Plan;Einnahme;2018
Natur- und Landschaftspflege;13.02.2001;Friedhofsverwaltung und Bestattungswesen;182.910; Personalaufwendungen;Plan;Ausgabe;2018
Natur- und Landschaftspflege;13.02.2001;Friedhofsverwaltung und Bestattungswesen;0; Versorgungsaufwendungen;Plan;Ausgabe;2018
Natur- und Landschaftspflege;13.02.2001;Friedhofsverwaltung und Bestattungswesen;73.000; Aufwendungen für Sach- und Dienstleistungen;Plan;Ausgabe;2018
Natur- und Landschaftspflege;13.02.2001;Friedhofsverwaltung und Bestattungswesen;21.340; Bilanzielle Abschreibungen;Plan;Ausgabe;2018
Natur- und Landschaftspflege;13.02.2001;Friedhofsverwaltung und Bestattungswesen;1.100; Sonstige ordentliche Aufwendungen;Plan;Ausgabe;2018
Natur- und Landschaftspflege;13.02.2001;Friedhofsverwaltung und Bestattungswesen;47.100; Erträge aus internen Leistungs beziehungen;Plan;Einnahme;2018
Natur- und Landschaftspflege;13.02.2001;Friedhofsverwaltung und Bestattungswesen;78.440; Aufwendungen aus internen Leistungebeziehungen;Plan;Ausgabe;2018
Räumliche Planung und Entwicklung, Geoinformationen;09.01.2001;Räumliche Planung und Entwicklung, Geoinformationen;0; Zuwendungen und allgemeine Umlagen;Plan;Ausgabe;2018
Räumliche Planung und Entwicklung, Geoinformationen;09.01.2001;Räumliche Planung und Entwicklung, Geoinformationen;12.000; Zuwendungen und allgemeine Umlagen;Plan;Einnahme;2018
Räumliche Planung und Entwicklung, Geoinformationen;09.01.2001;Räumliche Planung und Entwicklung, Geoinformationen;0; öffentlich-rechtliche Leistungsentgelte;Plan;Einnahme;2018
Räumliche Planung und Entwicklung, Geoinformationen;09.01.2001;Räumliche Planung und Entwicklung, Geoinformationen;100; Privatrechtliche Leistungsentgelte;Plan;Einnahme;2018
Räumliche Planung und Entwicklung, Geoinformationen;09.01.2001;Räumliche Planung und Entwicklung, Geoinformationen;5.000; Kostenerstattungen und Kostenumlagen;Plan;Einnahme;2018
Räumliche Planung und Entwicklung, Geoinformationen;09.01.2001;Räumliche Planung und Entwicklung, Geoinformationen;0; Sonstige ordentliche Erträge;Plan;Einnahme;2018
Räumliche Planung und Entwicklung, Geoinformationen;09.01.2001;Räumliche Planung und Entwicklung, Geoinformationen;211.140; Personalaufwendungen;Plan;Ausgabe;2018
Räumliche Planung und Entwicklung, Geoinformationen;09.01.2001;Räumliche Planung und Entwicklung, Geoinformationen;0; Versorgungsaufwendungen;Plan;Ausgabe;2018
Räumliche Planung und Entwicklung, Geoinformationen;09.01.2001;Räumliche Planung und Entwicklung, Geoinformationen;69.500; Aufwendungen für Sach- und Dienstleistungen;Plan;Ausgabe;2018
Räumliche Planung und Entwicklung, Geoinformationen;09.01.2001;Räumliche Planung und Entwicklung, Geoinformationen;0; Bilanzielle Abschreibungen;Plan;Ausgabe;2018
Räumliche Planung und Entwicklung, Geoinformationen;09.01.2001;Räumliche Planung und Entwicklung, Geoinformationen;0; Transferaufwendungen;Plan;Ausgabe;2018
Räumliche Planung und Entwicklung, Geoinformationen;09.01.2001;Räumliche Planung und Entwicklung, Geoinformationen;320; Sonstige ordentliche Aufwendungen;Plan;Ausgabe;2018
Räumliche Planung und Entwicklung, Geoinformationen;09.01.2001;Räumliche Planung und Entwicklung, Geoinformationen;0; Erträge aus internen Leistungs beziehungen;Plan;Einnahme;2018
Räumliche Planung und Entwicklung, Geoinformationen;09.01.2001;Räumliche Planung und Entwicklung, Geoinformationen;21.410; Aufwendungen aus internen Leistungebeziehungen;Plan;Ausgabe;2018
Schulträgeraufgaben;03.01.2001;Grundschulen;313.860; Zuwendungen und allgemeine Umlagen;Plan;Einnahme;2018
Schulträgeraufgaben;03.01.2001;Grundschulen;269.000; Sonstige Transfererträge;Plan;Einnahme;2018
Schulträgeraufgaben;03.01.2001;Grundschulen;6.500; öffentlich-rechtliche Leistungsentgelte;Plan;Einnahme;2018
Schulträgeraufgaben;03.01.2001;Grundschulen;21.400; Kostenerstattungen und Kostenumlagen;Plan;Einnahme;2018
Schulträgeraufgaben;03.01.2001;Grundschulen;0; Sonstige ordentliche Erträge;Plan;Einnahme;2018
Schulträgeraufgaben;03.01.2001;Grundschulen;280.740; Personalaufwendungen;Plan;Ausgabe;2018
Schulträgeraufgaben;03.01.2001;Grundschulen;0; Versorgungsaufwendungen;Plan;Ausgabe;2018
Schulträgeraufgaben;03.01.2001;Grundschulen;846.730; Aufwendungen für Sach- und Dienstleistungen;Plan;Ausgabe;2018
Schulträgeraufgaben;03.01.2001;Grundschulen;0; Aufwendungen für Sach- und Dienstleistungen;Plan;Einnahme;2018
Schulträgeraufgaben;03.01.2001;Grundschulen;223.840; Bilanzielle Abschreibungen;Plan;Ausgabe;2018
Schulträgeraufgaben;03.01.2001;Grundschulen;233.510; Transferaufwendungen;Plan;Ausgabe;2018
Schulträgeraufgaben;03.01.2001;Grundschulen;12.130; Sonstige ordentliche Aufwendungen;Plan;Ausgabe;2018
Schulträgeraufgaben;03.01.2001;Grundschulen;0; Finanzerträge;Plan;Einnahme;2018
Schulträgeraufgaben;03.01.2001;Grundschulen;0; Erträge aus internen Leistungs beziehungen;Plan;Einnahme;2018
Schulträgeraufgaben;03.01.2001;Grundschulen;52.910; Aufwendungen aus internen Leistungebeziehungen;Plan;Ausgabe;2018
Schulträgeraufgaben;03.01.2002;Hauptschulen;134.840; Zuwendungen und allgemeine Umlagen;Plan;Einnahme;2018
Schulträgeraufgaben;03.01.2002;Hauptschulen;0; Sonstige Transfererträge;Plan;Einnahme;2018
Schulträgeraufgaben;03.01.2002;Hauptschulen;0; Kostenerstattungen und Kostenumlagen;Plan;Einnahme;2018
Schulträgeraufgaben;03.01.2002;Hauptschulen;0; Sonstige ordentliche Erträge;Plan;Einnahme;2018
Schulträgeraufgaben;03.01.2002;Hauptschulen;182.170; Personalaufwendungen;Plan;Ausgabe;2018
Schulträgeraufgaben;03.01.2002;Hauptschulen;0; Versorgungsaufwendungen;Plan;Ausgabe;2018
Schulträgeraufgaben;03.01.2002;Hauptschulen;401.590; Aufwendungen für Sach- und Dienstleistungen;Plan;Ausgabe;2018
Schulträgeraufgaben;03.01.2002;Hauptschulen;158.690; Bilanzielle Abschreibungen;Plan;Ausgabe;2018
Schulträgeraufgaben;03.01.2002;Hauptschulen;53.780; Transferaufwendungen;Plan;Ausgabe;2018
Schulträgeraufgaben;03.01.2002;Hauptschulen;3.350; Sonstige ordentliche Aufwendungen;Plan;Ausgabe;2018
Schulträgeraufgaben;03.01.2002;Hauptschulen;0; Finanzerträge;Plan;Einnahme;2018
Schulträgeraufgaben;03.01.2002;Hauptschulen;0; Erträge aus internen Leistungs beziehungen;Plan;Einnahme;2018
Schulträgeraufgaben;03.01.2002;Hauptschulen;16.730; Aufwendungen aus internen Leistungebeziehungen;Plan;Ausgabe;2018
Schulträgeraufgaben;03.01.2003;Realschulen;112.310; Zuwendungen und allgemeine Umlagen;Plan;Einnahme;2018
Schulträgeraufgaben;03.01.2003;Realschulen;0; Sonstige Transfererträge;Plan;Einnahme;2018
Schulträgeraufgaben;03.01.2003;Realschulen;1.000; Kostenerstattungen und Kostenumlagen;Plan;Einnahme;2018
Schulträgeraufgaben;03.01.2003;Realschulen;0; Sonstige ordentliche Erträge;Plan;Einnahme;2018
Schulträgeraufgaben;03.01.2003;Realschulen;122.890; Personalaufwendungen;Plan;Ausgabe;2018
Schulträgeraufgaben;03.01.2003;Realschulen;0; Versorgungsaufwendungen;Plan;Ausgabe;2018
Schulträgeraufgaben;03.01.2003;Realschulen;329.470; Aufwendungen für Sach- und Dienstleistungen;Plan;Ausgabe;2018
Schulträgeraufgaben;03.01.2003;Realschulen;0; Aufwendungen für Sach- und Dienstleistungen;Plan;Einnahme;2018
Schulträgeraufgaben;03.01.2003;Realschulen;185.850; Bilanzielle Abschreibungen;Plan;Ausgabe;2018
Schulträgeraufgaben;03.01.2003;Realschulen;129.910; Transferaufwendungen;Plan;Ausgabe;2018
Schulträgeraufgaben;03.01.2003;Realschulen;2.900; Sonstige ordentliche Aufwendungen;Plan;Ausgabe;2018
Schulträgeraufgaben;03.01.2003;Realschulen;0; Finanzerträge;Plan;Einnahme;2018
Schulträgeraufgaben;03.01.2003;Realschulen;0; Erträge aus internen Leistungs beziehungen;Plan;Einnahme;2018
Schulträgeraufgaben;03.01.2003;Realschulen;12.190; Aufwendungen aus internen Leistungebeziehungen;Plan;Ausgabe;2018
Schulträgeraufgaben;03.01.2004;Gymnasium;233.550; Zuwendungen und allgemeine Umlagen;Plan;Einnahme;2018
Schulträgeraufgaben;03.01.2004;Gymnasium;0; Sonstige Transfererträge;Plan;Einnahme;2018
Schulträgeraufgaben;03.01.2004;Gymnasium;900; Privatrechtliche Leistungsentgelte;Plan;Einnahme;2018
Schulträgeraufgaben;03.01.2004;Gymnasium;0; Kostenerstattungen und Kostenumlagen;Plan;Einnahme;2018
Schulträgeraufgaben;03.01.2004;Gymnasium;500; Sonstige ordentliche Erträge;Plan;Einnahme;2018
Schulträgeraufgaben;03.01.2004;Gymnasium;190.830; Personalaufwendungen;Plan;Ausgabe;2018
Schulträgeraufgaben;03.01.2004;Gymnasium;0; Versorgungsaufwendungen;Plan;Ausgabe;2018
Schulträgeraufgaben;03.01.2004;Gymnasium;474.480; Aufwendungen für Sach- und Dienstleistungen;Plan;Ausgabe;2018
Schulträgeraufgaben;03.01.2004;Gymnasium;0; Aufwendungen für Sach- und Dienstleistungen;Plan;Einnahme;2018
Schulträgeraufgaben;03.01.2004;Gymnasium;363.790; Bilanzielle Abschreibungen;Plan;Ausgabe;2018
Schulträgeraufgaben;03.01.2004;Gymnasium;27.920; Transferaufwendungen;Plan;Ausgabe;2018
Schulträgeraufgaben;03.01.2004;Gymnasium;3.000; Sonstige ordentliche Aufwendungen;Plan;Ausgabe;2018
Schulträgeraufgaben;03.01.2004;Gymnasium;0; Finanzerträge;Plan;Einnahme;2018
Schulträgeraufgaben;03.01.2004;Gymnasium;0; Erträge aus internen Leistungs beziehungen;Plan;Einnahme;2018
Schulträgeraufgaben;03.01.2004;Gymnasium;25.330; Aufwendungen aus internen Leistungebeziehungen;Plan;Ausgabe;2018
Schulträgeraufgaben;03.01.2005;Förderschule;0; Zuwendungen und allgemeine Umlagen;Plan;Einnahme;2018
Schulträgeraufgaben;03.01.2005;Förderschule;0; Kostenerstattungen und Kostenumlagen;Plan;Einnahme;2018
Schulträgeraufgaben;03.01.2005;Förderschule;0; Sonstige ordentliche Erträge;Plan;Einnahme;2018
Schulträgeraufgaben;03.01.2005;Förderschule;0; Personalaufwendungen;Plan;Ausgabe;2018
Schulträgeraufgaben;03.01.2005;Förderschule;0; Versorgungsaufwendungen;Plan;Ausgabe;2018
Schulträgeraufgaben;03.01.2005;Förderschule;0; Aufwendungen für Sach- und Dienstleistungen;Plan;Ausgabe;2018
Schulträgeraufgaben;03.01.2005;Förderschule;0; Aufwendungen für Sach- und Dienstleistungen;Plan;Einnahme;2018
Schulträgeraufgaben;03.01.2005;Förderschule;0; Bilanzielle Abschreibungen;Plan;Ausgabe;2018
Schulträgeraufgaben;03.01.2005;Förderschule;10.000; Transferaufwendungen;Plan;Ausgabe;2018
Schulträgeraufgaben;03.01.2005;Förderschule;0; Sonstige ordentliche Aufwendungen;Plan;Ausgabe;2018
Schulträgeraufgaben;03.01.2005;Förderschule;0; Finanzerträge;Plan;Einnahme;2018
Schulträgeraufgaben;03.01.2005;Förderschule;0; Erträge aus internen Leistungs beziehungen;Plan;Einnahme;2018
Schulträgeraufgaben;03.01.2005;Förderschule;0; Aufwendungen aus internen Leistungebeziehungen;Plan;Ausgabe;2018
Schulträgeraufgaben;03.02.2001;Schülerbeförderung;16.000; Zuwendungen und allgemeine Umlagen;Plan;Einnahme;2018
Schulträgeraufgaben;03.02.2001;Schülerbeförderung;41.500; Kostenerstattungen und Kostenumlagen;Plan;Einnahme;2018
Schulträgeraufgaben;03.02.2001;Schülerbeförderung;0; Sonstige ordentliche Erträge;Plan;Einnahme;2018
Schulträgeraufgaben;03.02.2001;Schülerbeförderung;13.620; Personalaufwendungen;Plan;Ausgabe;2018
Schulträgeraufgaben;03.02.2001;Schülerbeförderung;0; Versorgungsaufwendungen;Plan;Ausgabe;2018
Schulträgeraufgaben;03.02.2001;Schülerbeförderung;715.000; Aufwendungen für Sach- und Dienstleistungen;Plan;Ausgabe;2018
Schulträgeraufgaben;03.02.2001;Schülerbeförderung;0; Bilanzielle Abschreibungen;Plan;Ausgabe;2018
Schulträgeraufgaben;03.02.2001;Schülerbeförderung;0; Sonstige ordentliche Aufwendungen;Plan;Ausgabe;2018
Schulträgeraufgaben;03.02.2001;Schülerbeförderung;0; Erträge aus internen Leistungs beziehungen;Plan;Einnahme;2018
Schulträgeraufgaben;03.02.2001;Schülerbeförderung;2.310; Aufwendungen aus internen Leistungebeziehungen;Plan;Ausgabe;2018
Schulträgeraufgaben;03.02.2002;Sonstige Bildungsaufgaben (schulartübergreifend);34.800; Zuwendungen und allgemeine Umlagen;Plan;Einnahme;2018
Schulträgeraufgaben;03.02.2002;Sonstige Bildungsaufgaben (schulartübergreifend);50.000; Sonstige Transfererträge;Plan;Einnahme;2018
Schulträgeraufgaben;03.02.2002;Sonstige Bildungsaufgaben (schulartübergreifend);14.000; Kostenerstattungen und Kostenumlagen;Plan;Einnahme;2018
Schulträgeraufgaben;03.02.2002;Sonstige Bildungsaufgaben (schulartübergreifend);0; Sonstige ordentliche Erträge;Plan;Einnahme;2018
Schulträgeraufgaben;03.02.2002;Sonstige Bildungsaufgaben (schulartübergreifend);203.430; Personalaufwendungen;Plan;Ausgabe;2018
Schulträgeraufgaben;03.02.2002;Sonstige Bildungsaufgaben (schulartübergreifend);0; Versorgungsaufwendungen;Plan;Ausgabe;2018
Schulträgeraufgaben;03.02.2002;Sonstige Bildungsaufgaben (schulartübergreifend);151.150; Aufwendungen für Sach- und Dienstleistungen;Plan;Ausgabe;2018
Schulträgeraufgaben;03.02.2002;Sonstige Bildungsaufgaben (schulartübergreifend);3.830; Bilanzielle Abschreibungen;Plan;Ausgabe;2018
Schulträgeraufgaben;03.02.2002;Sonstige Bildungsaufgaben (schulartübergreifend);0; Transferaufwendungen;Plan;Ausgabe;2018
Schulträgeraufgaben;03.02.2002;Sonstige Bildungsaufgaben (schulartübergreifend);182.900; Sonstige ordentliche Aufwendungen;Plan;Ausgabe;2018
Schulträgeraufgaben;03.02.2002;Sonstige Bildungsaufgaben (schulartübergreifend);0; Erträge aus internen Leistungs beziehungen;Plan;Einnahme;2018
Schulträgeraufgaben;03.02.2002;Sonstige Bildungsaufgaben (schulartübergreifend);32.690; Aufwendungen aus internen Leistungebeziehungen;Plan;Ausgabe;2018
Sicherheit und Ordnung;02.01.2001;Allgemeine Sicherheit und Ordnung;0; Zuwendungen und allgemeine Umlagen;Plan;Einnahme;2018
Sicherheit und Ordnung;02.01.2001;Allgemeine Sicherheit und Ordnung;13.700; öffentlich-rechtliche Leistungsentgelte;Plan;Einnahme;2018
Sicherheit und Ordnung;02.01.2001;Allgemeine Sicherheit und Ordnung;20.000; Kostenerstattungen und Kostenumlagen;Plan;Einnahme;2018
Sicherheit und Ordnung;02.01.2001;Allgemeine Sicherheit und Ordnung;5.500; Sonstige ordentliche Erträge;Plan;Einnahme;2018
Sicherheit und Ordnung;02.01.2001;Allgemeine Sicherheit und Ordnung;138.880; Personalaufwendungen;Plan;Ausgabe;2018
Sicherheit und Ordnung;02.01.2001;Allgemeine Sicherheit und Ordnung;0; Versorgungsaufwendungen;Plan;Ausgabe;2018
Sicherheit und Ordnung;02.01.2001;Allgemeine Sicherheit und Ordnung;39.000; Aufwendungen für Sach- und Dienstleistungen;Plan;Ausgabe;2018
Sicherheit und Ordnung;02.01.2001;Allgemeine Sicherheit und Ordnung;240; Bilanzielle Abschreibungen;Plan;Ausgabe;2018
Sicherheit und Ordnung;02.01.2001;Allgemeine Sicherheit und Ordnung;31.300; Sonstige ordentliche Aufwendungen;Plan;Ausgabe;2018
Sicherheit und Ordnung;02.01.2001;Allgemeine Sicherheit und Ordnung;0; Erträge aus internen Leistungs beziehungen;Plan;Einnahme;2018
Sicherheit und Ordnung;02.01.2001;Allgemeine Sicherheit und Ordnung;24.940; Aufwendungen aus internen Leistungebeziehungen;Plan;Ausgabe;2018
Sicherheit und Ordnung;02.01.2002;Gewerbeangelegenheiten;0; Zuwendungen und allgemeine Umlagen;Plan;Einnahme;2018
Sicherheit und Ordnung;02.01.2002;Gewerbeangelegenheiten;6.000; öffentlich-rechtliche Leistungsentgelte;Plan;Einnahme;2018
Sicherheit und Ordnung;02.01.2002;Gewerbeangelegenheiten;0; Sonstige ordentliche Erträge;Plan;Einnahme;2018
Sicherheit und Ordnung;02.01.2002;Gewerbeangelegenheiten;41.570; Personalaufwendungen;Plan;Ausgabe;2018
Sicherheit und Ordnung;02.01.2002;Gewerbeangelegenheiten;0; Versorgungsaufwendungen;Plan;Ausgabe;2018
Sicherheit und Ordnung;02.01.2002;Gewerbeangelegenheiten;0; Bilanzielle Abschreibungen;Plan;Ausgabe;2018
Sicherheit und Ordnung;02.01.2002;Gewerbeangelegenheiten;100; Sonstige ordentliche Aufwendungen;Plan;Ausgabe;2018
Sicherheit und Ordnung;02.01.2002;Gewerbeangelegenheiten;0; Erträge aus internen Leistungs beziehungen;Plan;Einnahme;2018
Sicherheit und Ordnung;02.01.2002;Gewerbeangelegenheiten;6.320; Aufwendungen aus internen Leistungebeziehungen;Plan;Ausgabe;2018
Sicherheit und Ordnung;02.01.2003;Verkehrsangelegenheiten;0; Zuwendungen und allgemeine Umlagen;Plan;Einnahme;2018
Sicherheit und Ordnung;02.01.2003;Verkehrsangelegenheiten;50.000; Sonstige ordentliche Erträge;Plan;Einnahme;2018
Sicherheit und Ordnung;02.01.2003;Verkehrsangelegenheiten;121.140; Personalaufwendungen;Plan;Ausgabe;2018
Sicherheit und Ordnung;02.01.2003;Verkehrsangelegenheiten;0; Versorgungsaufwendungen;Plan;Ausgabe;2018
Sicherheit und Ordnung;02.01.2003;Verkehrsangelegenheiten;4.500; Aufwendungen für Sach- und Dienstleistungen;Plan;Ausgabe;2018
Sicherheit und Ordnung;02.01.2003;Verkehrsangelegenheiten;0; Bilanzielle Abschreibungen;Plan;Ausgabe;2018
Sicherheit und Ordnung;02.01.2003;Verkehrsangelegenheiten;300; Sonstige ordentliche Aufwendungen;Plan;Ausgabe;2018
Sicherheit und Ordnung;02.01.2003;Verkehrsangelegenheiten;0; Erträge aus internen Leistungs beziehungen;Plan;Einnahme;2018
Sicherheit und Ordnung;02.01.2003;Verkehrsangelegenheiten;18.650; Aufwendungen aus internen Leistungebeziehungen;Plan;Ausgabe;2018
Sicherheit und Ordnung;02.02.2001;Bürgerbüro;0; Zuwendungen und allgemeine Umlagen;Plan;Einnahme;2018
Sicherheit und Ordnung;02.02.2001;Bürgerbüro;120.000; öffentlich-rechtliche Leistungsentgelte;Plan;Einnahme;2018
Sicherheit und Ordnung;02.02.2001;Bürgerbüro;0; Sonstige ordentliche Erträge;Plan;Einnahme;2018
Sicherheit und Ordnung;02.02.2001;Bürgerbüro;193.810; Personalaufwendungen;Plan;Ausgabe;2018
Sicherheit und Ordnung;02.02.2001;Bürgerbüro;0; Versorgungsaufwendungen;Plan;Ausgabe;2018
Sicherheit und Ordnung;02.02.2001;Bürgerbüro;102.000; Aufwendungen für Sach- und Dienstleistungen;Plan;Ausgabe;2018
Sicherheit und Ordnung;02.02.2001;Bürgerbüro;0; Bilanzielle Abschreibungen;Plan;Ausgabe;2018
Sicherheit und Ordnung;02.02.2001;Bürgerbüro;250; Sonstige ordentliche Aufwendungen;Plan;Ausgabe;2018
Sicherheit und Ordnung;02.02.2001;Bürgerbüro;0; Erträge aus internen Leistungs beziehungen;Plan;Einnahme;2018
Sicherheit und Ordnung;02.02.2001;Bürgerbüro;34.150; Aufwendungen aus internen Leistungebeziehungen;Plan;Ausgabe;2018
Sicherheit und Ordnung;02.03.2001;Personenstandswesen;0; Zuwendungen und allgemeine Umlagen;Plan;Einnahme;2018
Sicherheit und Ordnung;02.03.2001;Personenstandswesen;39.000; öffentlich-rechtliche Leistungsentgelte;Plan;Einnahme;2018
Sicherheit und Ordnung;02.03.2001;Personenstandswesen;0; Kostenerstattungen und Kostenumlagen;Plan;Einnahme;2018
Sicherheit und Ordnung;02.03.2001;Personenstandswesen;0; Sonstige ordentliche Erträge;Plan;Einnahme;2018
Sicherheit und Ordnung;02.03.2001;Personenstandswesen;58.990; Personalaufwendungen;Plan;Ausgabe;2018
Sicherheit und Ordnung;02.03.2001;Personenstandswesen;0; Versorgungsaufwendungen;Plan;Ausgabe;2018
Sicherheit und Ordnung;02.03.2001;Personenstandswesen;100; Aufwendungen für Sach- und Dienstleistungen;Plan;Ausgabe;2018
Sicherheit und Ordnung;02.03.2001;Personenstandswesen;0; Bilanzielle Abschreibungen;Plan;Ausgabe;2018
Sicherheit und Ordnung;02.03.2001;Personenstandswesen;1.960; Sonstige ordentliche Aufwendungen;Plan;Ausgabe;2018
Sicherheit und Ordnung;02.03.2001;Personenstandswesen;0; Erträge aus internen Leistungs beziehungen;Plan;Einnahme;2018
Sicherheit und Ordnung;02.03.2001;Personenstandswesen;7.950; Aufwendungen aus internen Leistungebeziehungen;Plan;Ausgabe;2018
Sicherheit und Ordnung;02.04.2001;Wahlen und Statistiken;0; Zuwendungen und allgemeine Umlagen;Plan;Einnahme;2018
Sicherheit und Ordnung;02.04.2001;Wahlen und Statistiken;0; Kostenerstattungen und Kostenumlagen;Plan;Einnahme;2018
Sicherheit und Ordnung;02.04.2001;Wahlen und Statistiken;0; Sonstige ordentliche Erträge;Plan;Einnahme;2018
Sicherheit und Ordnung;02.04.2001;Wahlen und Statistiken;6.720; Personalaufwendungen;Plan;Ausgabe;2018
Sicherheit und Ordnung;02.04.2001;Wahlen und Statistiken;0; Versorgungsaufwendungen;Plan;Ausgabe;2018
Sicherheit und Ordnung;02.04.2001;Wahlen und Statistiken;0; Aufwendungen für Sach- und Dienstleistungen;Plan;Ausgabe;2018
Sicherheit und Ordnung;02.04.2001;Wahlen und Statistiken;0; Bilanzielle Abschreibungen;Plan;Ausgabe;2018
Sicherheit und Ordnung;02.04.2001;Wahlen und Statistiken;0; Sonstige ordentliche Aufwendungen;Plan;Ausgabe;2018
Sicherheit und Ordnung;02.04.2001;Wahlen und Statistiken;0; Erträge aus internen Leistungs beziehungen;Plan;Einnahme;2018
Sicherheit und Ordnung;02.04.2001;Wahlen und Statistiken;0; Aufwendungen aus internen Leistungebeziehungen;Plan;Ausgabe;2018
Sicherheit und Ordnung;02.05.2001;Brand- und Katastrophenschutz;161.330; Zuwendungen und allgemeine Umlagen;Plan;Einnahme;2018
Sicherheit und Ordnung;02.05.2001;Brand- und Katastrophenschutz;38.500; öffentlich-rechtliche Leistungsentgelte;Plan;Einnahme;2018
Sicherheit und Ordnung;02.05.2001;Brand- und Katastrophenschutz;5.000; Kostenerstattungen und Kostenumlagen;Plan;Einnahme;2018
Sicherheit und Ordnung;02.05.2001;Brand- und Katastrophenschutz;0; Sonstige ordentliche Erträge;Plan;Einnahme;2018
Sicherheit und Ordnung;02.05.2001;Brand- und Katastrophenschutz;30.520; Personalaufwendungen;Plan;Ausgabe;2018
Sicherheit und Ordnung;02.05.2001;Brand- und Katastrophenschutz;0; Versorgungsaufwendungen;Plan;Ausgabe;2018
Sicherheit und Ordnung;02.05.2001;Brand- und Katastrophenschutz;109.700; Aufwendungen für Sach- und Dienstleistungen;Plan;Ausgabe;2018
Sicherheit und Ordnung;02.05.2001;Brand- und Katastrophenschutz;262.840; Bilanzielle Abschreibungen;Plan;Ausgabe;2018
Sicherheit und Ordnung;02.05.2001;Brand- und Katastrophenschutz;0; Transferaufwendungen;Plan;Ausgabe;2018
Sicherheit und Ordnung;02.05.2001;Brand- und Katastrophenschutz;131.850; Sonstige ordentliche Aufwendungen;Plan;Ausgabe;2018
Sicherheit und Ordnung;02.05.2001;Brand- und Katastrophenschutz;0; Erträge aus internen Leistungs beziehungen;Plan;Einnahme;2018
Sicherheit und Ordnung;02.05.2001;Brand- und Katastrophenschutz;5.380; Aufwendungen aus internen Leistungebeziehungen;Plan;Ausgabe;2018
Sicherheit und Ordnung;02.05.2002;Rettungsdienst;0; Zuwendungen und allgemeine Umlagen;Plan;Einnahme;2018
Sicherheit und Ordnung;02.05.2002;Rettungsdienst;1.078.350; Kostenerstattungen und Kostenumlagen;Plan;Einnahme;2018
Sicherheit und Ordnung;02.05.2002;Rettungsdienst;0; Sonstige ordentliche Erträge;Plan;Einnahme;2018
Sicherheit und Ordnung;02.05.2002;Rettungsdienst;909.350; Personalaufwendungen;Plan;Ausgabe;2018
Sicherheit und Ordnung;02.05.2002;Rettungsdienst;0; Versorgungsaufwendungen;Plan;Ausgabe;2018
Sicherheit und Ordnung;02.05.2002;Rettungsdienst;20.450; Aufwendungen für Sach- und Dienstleistungen;Plan;Ausgabe;2018
Sicherheit und Ordnung;02.05.2002;Rettungsdienst;270; Bilanzielle Abschreibungen;Plan;Ausgabe;2018
Sicherheit und Ordnung;02.05.2002;Rettungsdienst;45.860; Sonstige ordentliche Aufwendungen;Plan;Ausgabe;2018
Sicherheit und Ordnung;02.05.2002;Rettungsdienst;0; Erträge aus internen Leistungs beziehungen;Plan;Einnahme;2018
Sicherheit und Ordnung;02.05.2002;Rettungsdienst;46.430; Aufwendungen aus internen Leistungebeziehungen;Plan;Ausgabe;2018
Soziale Leistungen;05.01.2001;Beratung in Sozialversicherungsangelegenheiten;0; Zuwendungen und allgemeine Umlagen;Plan;Einnahme;2018
Soziale Leistungen;05.01.2001;Beratung in Sozialversicherungsangelegenheiten;0; Sonstige ordentliche Erträge;Plan;Einnahme;2018
Soziale Leistungen;05.01.2001;Beratung in Sozialversicherungsangelegenheiten;46.330; Personalaufwendungen;Plan;Ausgabe;2018
Soziale Leistungen;05.01.2001;Beratung in Sozialversicherungsangelegenheiten;0; Versorgungsaufwendungen;Plan;Ausgabe;2018
Soziale Leistungen;05.01.2001;Beratung in Sozialversicherungsangelegenheiten;0; Bilanzielle Abschreibungen;Plan;Ausgabe;2018
Soziale Leistungen;05.01.2001;Beratung in Sozialversicherungsangelegenheiten;500; Sonstige ordentliche Aufwendungen;Plan;Ausgabe;2018
Soziale Leistungen;05.01.2001;Beratung in Sozialversicherungsangelegenheiten;0; Erträge aus internen Leistungs beziehungen;Plan;Einnahme;2018
Soziale Leistungen;05.01.2001;Beratung in Sozialversicherungsangelegenheiten;7.850; Aufwendungen aus internen Leistungebeziehungen;Plan;Ausgabe;2018
Soziale Leistungen;05.01.2002;Sozialhilfe nach dem SGB XII, 3., 5. und 9. Kapitel;0; Zuwendungen und allgemeine Umlagen;Plan;Einnahme;2018
Soziale Leistungen;05.01.2002;Sozialhilfe nach dem SGB XII, 3., 5. und 9. Kapitel;0; Sonstige ordentliche Erträge;Plan;Einnahme;2018
Soziale Leistungen;05.01.2002;Sozialhilfe nach dem SGB XII, 3., 5. und 9. Kapitel;4.810; Personalaufwendungen;Plan;Ausgabe;2018
Soziale Leistungen;05.01.2002;Sozialhilfe nach dem SGB XII, 3., 5. und 9. Kapitel;0; Versorgungsaufwendungen;Plan;Ausgabe;2018
Soziale Leistungen;05.01.2002;Sozialhilfe nach dem SGB XII, 3., 5. und 9. Kapitel;0; Bilanzielle Abschreibungen;Plan;Ausgabe;2018
Soziale Leistungen;05.01.2002;Sozialhilfe nach dem SGB XII, 3., 5. und 9. Kapitel;0; Sonstige ordentliche Aufwendungen;Plan;Ausgabe;2018
Soziale Leistungen;05.01.2002;Sozialhilfe nach dem SGB XII, 3., 5. und 9. Kapitel;0; Erträge aus internen Leistungs beziehungen;Plan;Einnahme;2018
Soziale Leistungen;05.01.2002;Sozialhilfe nach dem SGB XII, 3., 5. und 9. Kapitel;650; Aufwendungen aus internen Leistungebeziehungen;Plan;Ausgabe;2018
Soziale Leistungen;05.01.2003;Grundsicherung im Alter und bei Erwerbsunfähigkeit nach dem SGB XII, 4. Kapitel;0; Zuwendungen und allgemeine Umlagen;Plan;Einnahme;2018
Soziale Leistungen;05.01.2003;Grundsicherung im Alter und bei Erwerbsunfähigkeit nach dem SGB XII, 4. Kapitel;0; Sonstige ordentliche Erträge;Plan;Einnahme;2018
Soziale Leistungen;05.01.2003;Grundsicherung im Alter und bei Erwerbsunfähigkeit nach dem SGB XII, 4. Kapitel;22.480; Personalaufwendungen;Plan;Ausgabe;2018
Soziale Leistungen;05.01.2003;Grundsicherung im Alter und bei Erwerbsunfähigkeit nach dem SGB XII, 4. Kapitel;0; Versorgungsaufwendungen;Plan;Ausgabe;2018
Soziale Leistungen;05.01.2003;Grundsicherung im Alter und bei Erwerbsunfähigkeit nach dem SGB XII, 4. Kapitel;0; Bilanzielle Abschreibungen;Plan;Ausgabe;2018
Soziale Leistungen;05.01.2003;Grundsicherung im Alter und bei Erwerbsunfähigkeit nach dem SGB XII, 4. Kapitel;0; Sonstige ordentliche Aufwendungen;Plan;Ausgabe;2018
Soziale Leistungen;05.01.2003;Grundsicherung im Alter und bei Erwerbsunfähigkeit nach dem SGB XII, 4. Kapitel;0; Erträge aus internen Leistungs beziehungen;Plan;Einnahme;2018
Soziale Leistungen;05.01.2003;Grundsicherung im Alter und bei Erwerbsunfähigkeit nach dem SGB XII, 4. Kapitel;3.790; Aufwendungen aus internen Leistungebeziehungen;Plan;Ausgabe;2018
Soziale Leistungen;05.01.2004;Leistungen nach dem Asylbewerberleistungsgesetz, Flüchtlingsaufnahmegesetz und Landesaufnahmegesetz;1.003.500; Zuwendungen und allgemeine Umlagen;Plan;Einnahme;2018
Soziale Leistungen;05.01.2004;Leistungen nach dem Asylbewerberleistungsgesetz, Flüchtlingsaufnahmegesetz und Landesaufnahmegesetz;34.750; Sonstige Transfererträge;Plan;Einnahme;2018
Soziale Leistungen;05.01.2004;Leistungen nach dem Asylbewerberleistungsgesetz, Flüchtlingsaufnahmegesetz und Landesaufnahmegesetz;0; öffentlich-rechtliche Leistungsentgelte;Plan;Einnahme;2018
Soziale Leistungen;05.01.2004;Leistungen nach dem Asylbewerberleistungsgesetz, Flüchtlingsaufnahmegesetz und Landesaufnahmegesetz;0; Kostenerstattungen und Kostenumlagen;Plan;Einnahme;2018
Soziale Leistungen;05.01.2004;Leistungen nach dem Asylbewerberleistungsgesetz, Flüchtlingsaufnahmegesetz und Landesaufnahmegesetz;0; Sonstige ordentliche Erträge;Plan;Einnahme;2018
Soziale Leistungen;05.01.2004;Leistungen nach dem Asylbewerberleistungsgesetz, Flüchtlingsaufnahmegesetz und Landesaufnahmegesetz;209.800; Personalaufwendungen;Plan;Ausgabe;2018
Soziale Leistungen;05.01.2004;Leistungen nach dem Asylbewerberleistungsgesetz, Flüchtlingsaufnahmegesetz und Landesaufnahmegesetz;0; Versorgungsaufwendungen;Plan;Ausgabe;2018
Soziale Leistungen;05.01.2004;Leistungen nach dem Asylbewerberleistungsgesetz, Flüchtlingsaufnahmegesetz und Landesaufnahmegesetz;3.000; Aufwendungen für Sach- und Dienstleistungen;Plan;Ausgabe;2018
Soziale Leistungen;05.01.2004;Leistungen nach dem Asylbewerberleistungsgesetz, Flüchtlingsaufnahmegesetz und Landesaufnahmegesetz;0; Bilanzielle Abschreibungen;Plan;Ausgabe;2018
Soziale Leistungen;05.01.2004;Leistungen nach dem Asylbewerberleistungsgesetz, Flüchtlingsaufnahmegesetz und Landesaufnahmegesetz;1.573.750; Transferaufwendungen;Plan;Ausgabe;2018
Soziale Leistungen;05.01.2004;Leistungen nach dem Asylbewerberleistungsgesetz, Flüchtlingsaufnahmegesetz und Landesaufnahmegesetz;900; Sonstige ordentliche Aufwendungen;Plan;Ausgabe;2018
Soziale Leistungen;05.01.2004;Leistungen nach dem Asylbewerberleistungsgesetz, Flüchtlingsaufnahmegesetz und Landesaufnahmegesetz;0; Erträge aus internen Leistungs beziehungen;Plan;Einnahme;2018
Soziale Leistungen;05.01.2004;Leistungen nach dem Asylbewerberleistungsgesetz, Flüchtlingsaufnahmegesetz und Landesaufnahmegesetz;12.710; Aufwendungen aus internen Leistungebeziehungen;Plan;Ausgabe;2018
Soziale Leistungen;05.01.2005;Grundsicherung für Arbeitsuchende nach dem SGB II;0; Zuwendungen und allgemeine Umlagen;Plan;Einnahme;2018
Soziale Leistungen;05.01.2005;Grundsicherung für Arbeitsuchende nach dem SGB II;445.000; Kostenerstattungen und Kostenumlagen;Plan;Einnahme;2018
Soziale Leistungen;05.01.2005;Grundsicherung für Arbeitsuchende nach dem SGB II;0; Sonstige ordentliche Erträge;Plan;Einnahme;2018
Soziale Leistungen;05.01.2005;Grundsicherung für Arbeitsuchende nach dem SGB II;465.360; Personalaufwendungen;Plan;Ausgabe;2018
Soziale Leistungen;05.01.2005;Grundsicherung für Arbeitsuchende nach dem SGB II;0; Versorgungsaufwendungen;Plan;Ausgabe;2018
Soziale Leistungen;05.01.2005;Grundsicherung für Arbeitsuchende nach dem SGB II;408.000; Aufwendungen für Sach- und Dienstleistungen;Plan;Ausgabe;2018
Soziale Leistungen;05.01.2005;Grundsicherung für Arbeitsuchende nach dem SGB II;0; Bilanzielle Abschreibungen;Plan;Ausgabe;2018
Soziale Leistungen;05.01.2005;Grundsicherung für Arbeitsuchende nach dem SGB II;400; Sonstige ordentliche Aufwendungen;Plan;Ausgabe;2018
Soziale Leistungen;05.01.2005;Grundsicherung für Arbeitsuchende nach dem SGB II;0; Erträge aus internen Leistungs beziehungen;Plan;Einnahme;2018
Soziale Leistungen;05.01.2005;Grundsicherung für Arbeitsuchende nach dem SGB II;68.030; Aufwendungen aus internen Leistungebeziehungen;Plan;Ausgabe;2018
Soziale Leistungen;05.01.2006;Förderung sozialer Vereine und Verbände, Ausländer, Behinderter und Senioren;0; Zuwendungen und allgemeine Umlagen;Plan;Einnahme;2018
Soziale Leistungen;05.01.2006;Förderung sozialer Vereine und Verbände, Ausländer, Behinderter und Senioren;0; Sonstige ordentliche Erträge;Plan;Einnahme;2018
Soziale Leistungen;05.01.2006;Förderung sozialer Vereine und Verbände, Ausländer, Behinderter und Senioren;5.750; Aufwendungen für Sach- und Dienstleistungen;Plan;Ausgabe;2018
Soziale Leistungen;05.01.2006;Förderung sozialer Vereine und Verbände, Ausländer, Behinderter und Senioren;0; Bilanzielle Abschreibungen;Plan;Ausgabe;2018
Soziale Leistungen;05.01.2006;Förderung sozialer Vereine und Verbände, Ausländer, Behinderter und Senioren;50.000; Transferaufwendungen;Plan;Ausgabe;2018
Soziale Leistungen;05.01.2006;Förderung sozialer Vereine und Verbände, Ausländer, Behinderter und Senioren;820; Sonstige ordentliche Aufwendungen;Plan;Ausgabe;2018
Soziale Leistungen;05.01.2006;Förderung sozialer Vereine und Verbände, Ausländer, Behinderter und Senioren;1.720; Aufwendungen aus internen Leistungebeziehungen;Plan;Ausgabe;2018
Sportförderung;08.01.2001;Sportstätten und Sportförderung;207.990; Zuwendungen und allgemeine Umlagen;Plan;Einnahme;2018
Sportförderung;08.01.2001;Sportstätten und Sportförderung;0; öffentlich-rechtliche Leistungsentgelte;Plan;Einnahme;2018
Sportförderung;08.01.2001;Sportstätten und Sportförderung;1.000; Privatrechtliche Leistungsentgelte;Plan;Einnahme;2018
Sportförderung;08.01.2001;Sportstätten und Sportförderung;13.000; Kostenerstattungen und Kostenumlagen;Plan;Einnahme;2018
Sportförderung;08.01.2001;Sportstätten und Sportförderung;0; Sonstige ordentliche Erträge;Plan;Einnahme;2018
Sportförderung;08.01.2001;Sportstätten und Sportförderung;26.370; Personalaufwendungen;Plan;Ausgabe;2018
Sportförderung;08.01.2001;Sportstätten und Sportförderung;0; Versorgungsaufwendungen;Plan;Ausgabe;2018
Sportförderung;08.01.2001;Sportstätten und Sportförderung;277.950; Aufwendungen für Sach- und Dienstleistungen;Plan;Ausgabe;2018
Sportförderung;08.01.2001;Sportstätten und Sportförderung;0; Aufwendungen für Sach- und Dienstleistungen;Plan;Einnahme;2018
Sportförderung;08.01.2001;Sportstätten und Sportförderung;224.540; Bilanzielle Abschreibungen;Plan;Ausgabe;2018
Sportförderung;08.01.2001;Sportstätten und Sportförderung;130.280; Transferaufwendungen;Plan;Ausgabe;2018
Sportförderung;08.01.2001;Sportstätten und Sportförderung;51.000; Sonstige ordentliche Aufwendungen;Plan;Ausgabe;2018
Sportförderung;08.01.2001;Sportstätten und Sportförderung;0; Erträge aus internen Leistungs beziehungen;Plan;Einnahme;2018
Sportförderung;08.01.2001;Sportstätten und Sportförderung;23.710; Aufwendungen aus internen Leistungebeziehungen;Plan;Ausgabe;2018
Sportförderung;08.01.2002;Frei- und Hallenbad;8.170; Zuwendungen und allgemeine Umlagen;Plan;Einnahme;2018
Sportförderung;08.01.2002;Frei- und Hallenbad;135.000; Privatrechtliche Leistungsentgelte;Plan;Einnahme;2018
Sportförderung;08.01.2002;Frei- und Hallenbad;30.000; Kostenerstattungen und Kostenumlagen;Plan;Einnahme;2018
Sportförderung;08.01.2002;Frei- und Hallenbad;0; Sonstige ordentliche Erträge;Plan;Einnahme;2018
Sportförderung;08.01.2002;Frei- und Hallenbad;3.680; Personalaufwendungen;Plan;Ausgabe;2018
Sportförderung;08.01.2002;Frei- und Hallenbad;0; Versorgungsaufwendungen;Plan;Ausgabe;2018
Sportförderung;08.01.2002;Frei- und Hallenbad;200; Aufwendungen für Sach- und Dienstleistungen;Plan;Ausgabe;2018
Sportförderung;08.01.2002;Frei- und Hallenbad;0; Aufwendungen für Sach- und Dienstleistungen;Plan;Einnahme;2018
Sportförderung;08.01.2002;Frei- und Hallenbad;62.990; Bilanzielle Abschreibungen;Plan;Ausgabe;2018
Sportförderung;08.01.2002;Frei- und Hallenbad;0; Transferaufwendungen;Plan;Ausgabe;2018
Sportförderung;08.01.2002;Frei- und Hallenbad;0; Sonstige ordentliche Aufwendungen;Plan;Ausgabe;2018
Sportförderung;08.01.2002;Frei- und Hallenbad;0; Erträge aus internen Leistungs beziehungen;Plan;Einnahme;2018
Sportförderung;08.01.2002;Frei- und Hallenbad;99.450; Aufwendungen aus internen Leistungebeziehungen;Plan;Ausgabe;2018
Stiftungen;17.01.2001;Stiftungen;0; Zuwendungen und allgemeine Umlagen;Plan;Einnahme;2018
Stiftungen;17.01.2001;Stiftungen;100.000; Privatrechtliche Leistungsentgelte;Plan;Einnahme;2018
Stiftungen;17.01.2001;Stiftungen;5.630; Sonstige ordentliche Erträge;Plan;Einnahme;2018
Stiftungen;17.01.2001;Stiftungen;630; Personalaufwendungen;Plan;Ausgabe;2018
Stiftungen;17.01.2001;Stiftungen;0; Versorgungsaufwendungen;Plan;Ausgabe;2018
Stiftungen;17.01.2001;Stiftungen;100; Aufwendungen für Sach- und Dienstleistungen;Plan;Ausgabe;2018
Stiftungen;17.01.2001;Stiftungen;5.630; Bilanzielle Abschreibungen;Plan;Ausgabe;2018
Stiftungen;17.01.2001;Stiftungen;105.750; Transferaufwendungen;Plan;Ausgabe;2018
Stiftungen;17.01.2001;Stiftungen;0; Sonstige ordentliche Aufwendungen;Plan;Ausgabe;2018
Stiftungen;17.01.2001;Stiftungen;6.340; Finanzerträge;Plan;Einnahme;2018
Stiftungen;17.01.2001;Stiftungen;550; Zinsen und sonstige Finanzaufwendungen;Plan;Ausgabe;2018
Stiftungen;17.01.2001;Stiftungen;0; Erträge aus internen Leistungs beziehungen;Plan;Einnahme;2018
Stiftungen;17.01.2001;Stiftungen;90; Aufwendungen aus internen Leistungebeziehungen;Plan;Ausgabe;2018
Umweltschutz;14.01.2001;Umweltschutz und Altlasten;210; Zuwendungen und allgemeine Umlagen;Plan;Einnahme;2018
Umweltschutz;14.01.2001;Umweltschutz und Altlasten;7.600; Privatrechtliche Leistungsentgelte;Plan;Einnahme;2018
Umweltschutz;14.01.2001;Umweltschutz und Altlasten;0; Sonstige ordentliche Erträge;Plan;Einnahme;2018
Umweltschutz;14.01.2001;Umweltschutz und Altlasten;2.870; Personalaufwendungen;Plan;Ausgabe;2018
Umweltschutz;14.01.2001;Umweltschutz und Altlasten;0; Versorgungsaufwendungen;Plan;Ausgabe;2018
Umweltschutz;14.01.2001;Umweltschutz und Altlasten;690; Aufwendungen für Sach- und Dienstleistungen;Plan;Ausgabe;2018
Umweltschutz;14.01.2001;Umweltschutz und Altlasten;2.710; Bilanzielle Abschreibungen;Plan;Ausgabe;2018
Umweltschutz;14.01.2001;Umweltschutz und Altlasten;1.500; Transferaufwendungen;Plan;Ausgabe;2018
Umweltschutz;14.01.2001;Umweltschutz und Altlasten;450; Sonstige ordentliche Aufwendungen;Plan;Ausgabe;2018
Umweltschutz;14.01.2001;Umweltschutz und Altlasten;0; Erträge aus internen Leistungs beziehungen;Plan;Einnahme;2018
Umweltschutz;14.01.2001;Umweltschutz und Altlasten;360; Aufwendungen aus internen Leistungebeziehungen;Plan;Ausgabe;2018
Ver- und Entsorgung;11.01.2001;Abfallwirtschaft;1.490; Zuwendungen und allgemeine Umlagen;Plan;Einnahme;2018
Ver- und Entsorgung;11.01.2001;Abfallwirtschaft;1.684.000; öffentlich-rechtliche Leistungsentgelte;Plan;Einnahme;2018
Ver- und Entsorgung;11.01.2001;Abfallwirtschaft;103.100; Privatrechtliche Leistungsentgelte;Plan;Einnahme;2018
Ver- und Entsorgung;11.01.2001;Abfallwirtschaft;0; Kostenerstattungen und Kostenumlagen;Plan;Einnahme;2018
Ver- und Entsorgung;11.01.2001;Abfallwirtschaft;6.000; Sonstige ordentliche Erträge;Plan;Einnahme;2018
Ver- und Entsorgung;11.01.2001;Abfallwirtschaft;19.410; Personalaufwendungen;Plan;Ausgabe;2018
Ver- und Entsorgung;11.01.2001;Abfallwirtschaft;0; Versorgungsaufwendungen;Plan;Ausgabe;2018
Ver- und Entsorgung;11.01.2001;Abfallwirtschaft;1.644.730; Aufwendungen für Sach- und Dienstleistungen;Plan;Ausgabe;2018
Ver- und Entsorgung;11.01.2001;Abfallwirtschaft;2.290; Bilanzielle Abschreibungen;Plan;Ausgabe;2018
Ver- und Entsorgung;11.01.2001;Abfallwirtschaft;4.420; Sonstige ordentliche Aufwendungen;Plan;Ausgabe;2018
Ver- und Entsorgung;11.01.2001;Abfallwirtschaft;0; Erträge aus internen Leistungs beziehungen;Plan;Einnahme;2018
Ver- und Entsorgung;11.01.2001;Abfallwirtschaft;153.210; Aufwendungen aus internen Leistungebeziehungen;Plan;Ausgabe;2018
Ver- und Entsorgung;11.02.2001;Abwasserbeseitigung;217.980; Zuwendungen und allgemeine Umlagen;Plan;Einnahme;2018
Ver- und Entsorgung;11.02.2001;Abwasserbeseitigung;0; öffentlich-rechtliche Leistungsentgelte;Plan;Ausgabe;2018
Ver- und Entsorgung;11.02.2001;Abwasserbeseitigung;3.939.120; öffentlich-rechtliche Leistungsentgelte;Plan;Einnahme;2018
Ver- und Entsorgung;11.02.2001;Abwasserbeseitigung;1.000; Privatrechtliche Leistungsentgelte;Plan;Einnahme;2018
Ver- und Entsorgung;11.02.2001;Abwasserbeseitigung;0; Kostenerstattungen und Kostenumlagen;Plan;Einnahme;2018
Ver- und Entsorgung;11.02.2001;Abwasserbeseitigung;0; Sonstige ordentliche Erträge;Plan;Einnahme;2018
Ver- und Entsorgung;11.02.2001;Abwasserbeseitigung;0; Aktivierte Eigenleistungen;Plan;Einnahme;2018
Ver- und Entsorgung;11.02.2001;Abwasserbeseitigung;597.200; Personalaufwendungen;Plan;Ausgabe;2018
Ver- und Entsorgung;11.02.2001;Abwasserbeseitigung;0; Versorgungsaufwendungen;Plan;Ausgabe;2018
Ver- und Entsorgung;11.02.2001;Abwasserbeseitigung;776.250; Aufwendungen für Sach- und Dienstleistungen;Plan;Ausgabe;2018
Ver- und Entsorgung;11.02.2001;Abwasserbeseitigung;833.220; Bilanzielle Abschreibungen;Plan;Ausgabe;2018
Ver- und Entsorgung;11.02.2001;Abwasserbeseitigung;0; Transferaufwendungen;Plan;Ausgabe;2018
Ver- und Entsorgung;11.02.2001;Abwasserbeseitigung;37.740; Sonstige ordentliche Aufwendungen;Plan;Ausgabe;2018
Ver- und Entsorgung;11.02.2001;Abwasserbeseitigung;0; Erträge aus internen Leistungs beziehungen;Plan;Einnahme;2018
Ver- und Entsorgung;11.02.2001;Abwasserbeseitigung;1.836.080; Aufwendungen aus internen Leistungebeziehungen;Plan;Ausgabe;2018
Ver- und Entsorgung;11.03.2001;Elektrizitäts-, Gas-, Wasser- und Fernwärmeversorgung;762.000; Sonstige ordentliche Erträge;Plan;Einnahme;2018
Ver- und Entsorgung;11.03.2001;Elektrizitäts-, Gas-, Wasser- und Fernwärmeversorgung;51.500; Sonstige ordentliche Aufwendungen;Plan;Ausgabe;2018
Ver- und Entsorgung;11.03.2001;Elektrizitäts-, Gas-, Wasser- und Fernwärmeversorgung;227.000; Finanzerträge;Plan;Einnahme;2018
Verkehrsflächen und -anlagen, ÖPNV;12.01.2001;Straßen, Wege, Plätze;187.300; Zuwendungen und allgemeine Umlagen;Plan;Einnahme;2018
Verkehrsflächen und -anlagen, ÖPNV;12.01.2001;Straßen, Wege, Plätze;806.530; öffentlich-rechtliche Leistungsentgelte;Plan;Einnahme;2018
Verkehrsflächen und -anlagen, ÖPNV;12.01.2001;Straßen, Wege, Plätze;2.000; Privatrechtliche Leistungsentgelte;Plan;Einnahme;2018
Verkehrsflächen und -anlagen, ÖPNV;12.01.2001;Straßen, Wege, Plätze;0; Kostenerstattungen und Kostenumlagen;Plan;Einnahme;2018
Verkehrsflächen und -anlagen, ÖPNV;12.01.2001;Straßen, Wege, Plätze;1.000; Sonstige ordentliche Erträge;Plan;Einnahme;2018
Verkehrsflächen und -anlagen, ÖPNV;12.01.2001;Straßen, Wege, Plätze;132.550; Personalaufwendungen;Plan;Ausgabe;2018
Verkehrsflächen und -anlagen, ÖPNV;12.01.2001;Straßen, Wege, Plätze;0; Versorgungsaufwendungen;Plan;Ausgabe;2018
Verkehrsflächen und -anlagen, ÖPNV;12.01.2001;Straßen, Wege, Plätze;1.325.500; Aufwendungen für Sach- und Dienstleistungen;Plan;Ausgabe;2018
Verkehrsflächen und -anlagen, ÖPNV;12.01.2001;Straßen, Wege, Plätze;1.847.460; Bilanzielle Abschreibungen;Plan;Ausgabe;2018
Verkehrsflächen und -anlagen, ÖPNV;12.01.2001;Straßen, Wege, Plätze;10.750; Transferaufwendungen;Plan;Ausgabe;2018
Verkehrsflächen und -anlagen, ÖPNV;12.01.2001;Straßen, Wege, Plätze;1.900; Sonstige ordentliche Aufwendungen;Plan;Ausgabe;2018
Verkehrsflächen und -anlagen, ÖPNV;12.01.2001;Straßen, Wege, Plätze;0; Zinsen und sonstige Finanzaufwendungen;Plan;Ausgabe;2018
Verkehrsflächen und -anlagen, ÖPNV;12.01.2001;Straßen, Wege, Plätze;0; Erträge aus internen Leistungs beziehungen;Plan;Einnahme;2018
Verkehrsflächen und -anlagen, ÖPNV;12.01.2001;Straßen, Wege, Plätze;550.910; Aufwendungen aus internen Leistungebeziehungen;Plan;Ausgabe;2018
Verkehrsflächen und -anlagen, ÖPNV;12.01.2002;Öffentliche Parkplätze;470; Zuwendungen und allgemeine Umlagen;Plan;Einnahme;2018
Verkehrsflächen und -anlagen, ÖPNV;12.01.2002;Öffentliche Parkplätze;16.660; öffentlich-rechtliche Leistungsentgelte;Plan;Einnahme;2018
Verkehrsflächen und -anlagen, ÖPNV;12.01.2002;Öffentliche Parkplätze;0; Sonstige ordentliche Erträge;Plan;Einnahme;2018
Verkehrsflächen und -anlagen, ÖPNV;12.01.2002;Öffentliche Parkplätze;6.130; Personalaufwendungen;Plan;Ausgabe;2018
Verkehrsflächen und -anlagen, ÖPNV;12.01.2002;Öffentliche Parkplätze;0; Versorgungsaufwendungen;Plan;Ausgabe;2018
Verkehrsflächen und -anlagen, ÖPNV;12.01.2002;Öffentliche Parkplätze;27.910; Aufwendungen für Sach- und Dienstleistungen;Plan;Ausgabe;2018
Verkehrsflächen und -anlagen, ÖPNV;12.01.2002;Öffentliche Parkplätze;10.520; Bilanzielle Abschreibungen;Plan;Ausgabe;2018
Verkehrsflächen und -anlagen, ÖPNV;12.01.2002;Öffentliche Parkplätze;4.000; Sonstige ordentliche Aufwendungen;Plan;Ausgabe;2018
Verkehrsflächen und -anlagen, ÖPNV;12.01.2002;Öffentliche Parkplätze;0; Erträge aus internen Leistungs beziehungen;Plan;Einnahme;2018
Verkehrsflächen und -anlagen, ÖPNV;12.01.2002;Öffentliche Parkplätze;22.480; Aufwendungen aus internen Leistungebeziehungen;Plan;Ausgabe;2018
Verkehrsflächen und -anlagen, ÖPNV;12.02.2001;ÖPNV;10.110; Zuwendungen und allgemeine Umlagen;Plan;Einnahme;2018
Verkehrsflächen und -anlagen, ÖPNV;12.02.2001;ÖPNV;0; Kostenerstattungen und Kostenumlagen;Plan;Einnahme;2018
Verkehrsflächen und -anlagen, ÖPNV;12.02.2001;ÖPNV;400; Sonstige ordentliche Erträge;Plan;Einnahme;2018
Verkehrsflächen und -anlagen, ÖPNV;12.02.2001;ÖPNV;760; Personalaufwendungen;Plan;Ausgabe;2018
Verkehrsflächen und -anlagen, ÖPNV;12.02.2001;ÖPNV;0; Versorgungsaufwendungen;Plan;Ausgabe;2018
Verkehrsflächen und -anlagen, ÖPNV;12.02.2001;ÖPNV;13.860; Aufwendungen für Sach- und Dienstleistungen;Plan;Ausgabe;2018
Verkehrsflächen und -anlagen, ÖPNV;12.02.2001;ÖPNV;12.910; Bilanzielle Abschreibungen;Plan;Ausgabe;2018
Verkehrsflächen und -anlagen, ÖPNV;12.02.2001;ÖPNV;1.800; Transferaufwendungen;Plan;Ausgabe;2018
Verkehrsflächen und -anlagen, ÖPNV;12.02.2001;ÖPNV;0; Sonstige ordentliche Aufwendungen;Plan;Ausgabe;2018
Verkehrsflächen und -anlagen, ÖPNV;12.02.2001;ÖPNV;0; Erträge aus internen Leistungs beziehungen;Plan;Einnahme;2018
Verkehrsflächen und -anlagen, ÖPNV;12.02.2001;ÖPNV;19.940; Aufwendungen aus internen Leistungebeziehungen;Plan;Ausgabe;2018
Verkehrsflächen und -anlagen, ÖPNV;12.03.2001;Straßenreinigung einschl. Winterdienst;0; Zuwendungen und allgemeine Umlagen;Plan;Einnahme;2018
Verkehrsflächen und -anlagen, ÖPNV;12.03.2001;Straßenreinigung einschl. Winterdienst;69.560; öffentlich-rechtliche Leistungsentgelte;Plan;Einnahme;2018
Verkehrsflächen und -anlagen, ÖPNV;12.03.2001;Straßenreinigung einschl. Winterdienst;0; Sonstige ordentliche Erträge;Plan;Einnahme;2018
Verkehrsflächen und -anlagen, ÖPNV;12.03.2001;Straßenreinigung einschl. Winterdienst;1.510; Personalaufwendungen;Plan;Ausgabe;2018
Verkehrsflächen und -anlagen, ÖPNV;12.03.2001;Straßenreinigung einschl. Winterdienst;0; Versorgungsaufwendungen;Plan;Ausgabe;2018
Verkehrsflächen und -anlagen, ÖPNV;12.03.2001;Straßenreinigung einschl. Winterdienst;83.000; Aufwendungen für Sach- und Dienstleistungen;Plan;Ausgabe;2018
Verkehrsflächen und -anlagen, ÖPNV;12.03.2001;Straßenreinigung einschl. Winterdienst;0; Bilanzielle Abschreibungen;Plan;Ausgabe;2018
Verkehrsflächen und -anlagen, ÖPNV;12.03.2001;Straßenreinigung einschl. Winterdienst;0; Sonstige ordentliche Aufwendungen;Plan;Ausgabe;2018
Verkehrsflächen und -anlagen, ÖPNV;12.03.2001;Straßenreinigung einschl. Winterdienst;0; Erträge aus internen Leistungs beziehungen;Plan;Einnahme;2018
Verkehrsflächen und -anlagen, ÖPNV;12.03.2001;Straßenreinigung einschl. Winterdienst;82.840; Aufwendungen aus internen Leistungebeziehungen;Plan;Ausgabe;2018
Wirtschaft und Tourismus;15.01.2001;Wirtschaftsförderung;25.280; Zuwendungen und allgemeine Umlagen;Plan;Einnahme;2018
Wirtschaft und Tourismus;15.01.2001;Wirtschaftsförderung;9.200; Privatrechtliche Leistungsentgelte;Plan;Einnahme;2018
Wirtschaft und Tourismus;15.01.2001;Wirtschaftsförderung;42.000; Sonstige ordentliche Erträge;Plan;Einnahme;2018
Wirtschaft und Tourismus;15.01.2001;Wirtschaftsförderung;83.220; Personalaufwendungen;Plan;Ausgabe;2018
Wirtschaft und Tourismus;15.01.2001;Wirtschaftsförderung;0; Versorgungsaufwendungen;Plan;Ausgabe;2018
Wirtschaft und Tourismus;15.01.2001;Wirtschaftsförderung;10.000; Aufwendungen für Sach- und Dienstleistungen;Plan;Ausgabe;2018
Wirtschaft und Tourismus;15.01.2001;Wirtschaftsförderung;945.000; Bilanzielle Abschreibungen;Plan;Ausgabe;2018
Wirtschaft und Tourismus;15.01.2001;Wirtschaftsförderung;28.400; Transferaufwendungen;Plan;Ausgabe;2018
Wirtschaft und Tourismus;15.01.2001;Wirtschaftsförderung;50.400; Sonstige ordentliche Aufwendungen;Plan;Ausgabe;2018
Wirtschaft und Tourismus;15.01.2001;Wirtschaftsförderung;0; Erträge aus internen Leistungs beziehungen;Plan;Einnahme;2018
Wirtschaft und Tourismus;15.01.2001;Wirtschaftsförderung;3.430; Aufwendungen aus internen Leistungebeziehungen;Plan;Ausgabe;2018
Wirtschaft und Tourismus;15.02.2001;Stadtmarketing und Tourismus;16.580; Zuwendungen und allgemeine Umlagen;Plan;Einnahme;2018
Wirtschaft und Tourismus;15.02.2001;Stadtmarketing und Tourismus;0; Kostenerstattungen und Kostenumlagen;Plan;Einnahme;2018
Wirtschaft und Tourismus;15.02.2001;Stadtmarketing und Tourismus;1.750; Sonstige ordentliche Erträge;Plan;Einnahme;2018
Wirtschaft und Tourismus;15.02.2001;Stadtmarketing und Tourismus;0; Personalaufwendungen;Plan;Ausgabe;2018
Wirtschaft und Tourismus;15.02.2001;Stadtmarketing und Tourismus;0; Versorgungsaufwendungen;Plan;Ausgabe;2018
Wirtschaft und Tourismus;15.02.2001;Stadtmarketing und Tourismus;25.000; Aufwendungen für Sach- und Dienstleistungen;Plan;Ausgabe;2018
Wirtschaft und Tourismus;15.02.2001;Stadtmarketing und Tourismus;440; Bilanzielle Abschreibungen;Plan;Ausgabe;2018
Wirtschaft und Tourismus;15.02.2001;Stadtmarketing und Tourismus;137.700; Transferaufwendungen;Plan;Ausgabe;2018
Wirtschaft und Tourismus;15.02.2001;Stadtmarketing und Tourismus;3.000; Sonstige ordentliche Aufwendungen;Plan;Ausgabe;2018
Wirtschaft und Tourismus;15.02.2001;Stadtmarketing und Tourismus;0; Erträge aus internen Leistungs beziehungen;Plan;Einnahme;2018
Wirtschaft und Tourismus;15.02.2001;Stadtmarketing und Tourismus;17.550; Aufwendungen aus internen Leistungebeziehungen;Plan;Ausgabe;2018
Wirtschaft und Tourismus;15.03.2001;Märkte;0; Zuwendungen und allgemeine Umlagen;Plan;Einnahme;2018
Wirtschaft und Tourismus;15.03.2001;Märkte;0; öffentlich-rechtliche Leistungsentgelte;Plan;Einnahme;2018
Wirtschaft und Tourismus;15.03.2001;Märkte;0; Sonstige ordentliche Erträge;Plan;Einnahme;2018
Wirtschaft und Tourismus;15.03.2001;Märkte;20.400; Personalaufwendungen;Plan;Ausgabe;2018
Wirtschaft und Tourismus;15.03.2001;Märkte;0; Versorgungsaufwendungen;Plan;Ausgabe;2018
Wirtschaft und Tourismus;15.03.2001;Märkte;14.000; Aufwendungen für Sach- und Dienstleistungen;Plan;Ausgabe;2018
Wirtschaft und Tourismus;15.03.2001;Märkte;160; Bilanzielle Abschreibungen;Plan;Ausgabe;2018
Wirtschaft und Tourismus;15.03.2001;Märkte;0; Sonstige ordentliche Aufwendungen;Plan;Ausgabe;2018
Wirtschaft und Tourismus;15.03.2001;Märkte;0; Erträge aus internen Leistungs beziehungen;Plan;Einnahme;2018
Wirtschaft und Tourismus;15.03.2001;Märkte;7.710; Aufwendungen aus internen Leistungebeziehungen;Plan;Ausgabe;2018
Wirtschaft und Tourismus;15.03.2002;Öffentliche Gemeinschaftseinrichtungen;21.010; Zuwendungen und allgemeine Umlagen;Plan;Einnahme;2018
Wirtschaft und Tourismus;15.03.2002;Öffentliche Gemeinschaftseinrichtungen;0; öffentlich-rechtliche Leistungsentgelte;Plan;Einnahme;2018
Wirtschaft und Tourismus;15.03.2002;Öffentliche Gemeinschaftseinrichtungen;21.000; Privatrechtliche Leistungsentgelte;Plan;Einnahme;2018
Wirtschaft und Tourismus;15.03.2002;Öffentliche Gemeinschaftseinrichtungen;0; Kostenerstattungen und Kostenumlagen;Plan;Einnahme;2018
Wirtschaft und Tourismus;15.03.2002;Öffentliche Gemeinschaftseinrichtungen;1.250; Sonstige ordentliche Erträge;Plan;Einnahme;2018
Wirtschaft und Tourismus;15.03.2002;Öffentliche Gemeinschaftseinrichtungen;117.980; Personalaufwendungen;Plan;Ausgabe;2018
Wirtschaft und Tourismus;15.03.2002;Öffentliche Gemeinschaftseinrichtungen;0; Versorgungsaufwendungen;Plan;Ausgabe;2018
Wirtschaft und Tourismus;15.03.2002;Öffentliche Gemeinschaftseinrichtungen;72.870; Aufwendungen für Sach- und Dienstleistungen;Plan;Ausgabe;2018
Wirtschaft und Tourismus;15.03.2002;Öffentliche Gemeinschaftseinrichtungen;51.090; Bilanzielle Abschreibungen;Plan;Ausgabe;2018
Wirtschaft und Tourismus;15.03.2002;Öffentliche Gemeinschaftseinrichtungen;800; Sonstige ordentliche Aufwendungen;Plan;Ausgabe;2018
Wirtschaft und Tourismus;15.03.2002;Öffentliche Gemeinschaftseinrichtungen;0; Erträge aus internen Leistungs beziehungen;Plan;Einnahme;2018
Wirtschaft und Tourismus;15.03.2002;Öffentliche Gemeinschaftseinrichtungen;17.930; Aufwendungen aus internen Leistungebeziehungen;Plan;Ausgabe;2018
