Produktbereich,Produktbereichsname,Produktgruppe,Produktgruppenbezeichnung,Richtung,HHArt,Jahr,Betrag
Produktbereich 01,Innere Verwaltung,Produktgruppe 01.01,Politische Gremien,Ord. Erträge,Ergebnis,2016,0
Produktbereich 01,Innere Verwaltung,Produktgruppe 01.01,Politische Gremien,Ord. Aufwendungen,Ergebnis,2016,"342555,19"
Produktbereich 01,Innere Verwaltung,Produktgruppe 01.02,Verwaltungsführung,Ord. Erträge,Ergebnis,2016,"1185,41"
Produktbereich 01,Innere Verwaltung,Produktgruppe 01.02,Verwaltungsführung,Ord. Aufwendungen,Ergebnis,2016,"940023,47"
Produktbereich 01,Innere Verwaltung,Produktgruppe 01.04,Zentrale Dienste und Organisation,Ord. Erträge,Ergebnis,2016,"11243,47"
Produktbereich 01,Innere Verwaltung,Produktgruppe 01.04,Zentrale Dienste und Organisation,Ord. Aufwendungen,Ergebnis,2016,"792693,81"
Produktbereich 01,Innere Verwaltung,Produktgruppe 01.05,Rechnungsprüfung,Ord. Erträge,Ergebnis,2016,0
Produktbereich 01,Innere Verwaltung,Produktgruppe 01.05,Rechnungsprüfung,Ord. Aufwendungen,Ergebnis,2016,"200864,28"
Produktbereich 01,Innere Verwaltung,Produktgruppe 01.06,Personalmanagement,Ord. Erträge,Ergebnis,2016,"425590,99"
Produktbereich 01,Innere Verwaltung,Produktgruppe 01.06,Personalmanagement,Ord. Aufwendungen,Ergebnis,2016,"2360466,15"
Produktbereich 01,Innere Verwaltung,Produktgruppe 01.07,Beschäftigtenvertretung/Gleichstellung von Mann und Frau,Ord. Erträge,Ergebnis,2016,4471
Produktbereich 01,Innere Verwaltung,Produktgruppe 01.07,Beschäftigtenvertretung/Gleichstellung von Mann und Frau,Ord. Aufwendungen,Ergebnis,2016,"140895,45"
Produktbereich 01,Innere Verwaltung,Produktgruppe 01.08,Finanzmanagement und Rechnungswesen,Ord. Erträge,Ergebnis,2016,"158273,22"
Produktbereich 01,Innere Verwaltung,Produktgruppe 01.08,Finanzmanagement und Rechnungswesen,Ord. Aufwendungen,Ergebnis,2016,"878238,25"
Produktbereich 01,Innere Verwaltung,Produktgruppe 01.09,Datenverarbeitung,Ord. Erträge,Ergebnis,2016,"79312,46"
Produktbereich 01,Innere Verwaltung,Produktgruppe 01.09,Datenverarbeitung,Ord. Aufwendungen,Ergebnis,2016,"862563,56"
Produktbereich 01,Innere Verwaltung,Produktgruppe 01.10,Immobilienwirtschaft,Ord. Erträge,Ergebnis,2016,"2847563,34"
Produktbereich 01,Innere Verwaltung,Produktgruppe 01.10,Immobilienwirtschaft,Ord. Aufwendungen,Ergebnis,2016,"10044861,31"
Produktbereich 01,Innere Verwaltung,Produktgruppe 01.11,Baubetriebshof,Ord. Erträge,Ergebnis,2016,"31731,75"
Produktbereich 01,Innere Verwaltung,Produktgruppe 01.11,Baubetriebshof,Ord. Aufwendungen,Ergebnis,2016,"2954248,15"
Produktbereich 02,Sicherheit und Ordnung,Produktgruppe 02.01,Sicherheit und Ordnung,Ord. Erträge,Ergebnis,2016,"469866,18"
Produktbereich 02,Sicherheit und Ordnung,Produktgruppe 02.01,Sicherheit und Ordnung,Ord. Aufwendungen,Ergebnis,2016,"520583,77"
Produktbereich 02,Sicherheit und Ordnung,Produktgruppe 02.02,Bürgerservice,Ord. Erträge,Ergebnis,2016,"306985,28"
Produktbereich 02,Sicherheit und Ordnung,Produktgruppe 02.02,Bürgerservice,Ord. Aufwendungen,Ergebnis,2016,"702641,26"
Produktbereich 02,Sicherheit und Ordnung,Produktgruppe 02.03,"Wahlen, Statistik und Schiedsamtswesen",Ord. Erträge,Ergebnis,2016,72
Produktbereich 02,Sicherheit und Ordnung,Produktgruppe 02.03,"Wahlen, Statistik und Schiedsamtswesen",Ord. Aufwendungen,Ergebnis,2016,"25307,49"
Produktbereich 02,Sicherheit und Ordnung,Produktgruppe 02.04,Feuerwehr und Rettungsdienst,Ord. Erträge,Ergebnis,2016,"1625847,1"
Produktbereich 02,Sicherheit und Ordnung,Produktgruppe 02.04,Feuerwehr und Rettungsdienst,Ord. Aufwendungen,Ergebnis,2016,"3396356,71"
Produktbereich 03,Schulträgeraufgaben,Produktgruppe 03.01,Bereitstellung schulischer Einrichtungen und Leistungen,Ord. Erträge,Ergebnis,2016,"1076826,68"
Produktbereich 03,Schulträgeraufgaben,Produktgruppe 03.01,Bereitstellung schulischer Einrichtungen und Leistungen,Ord. Aufwendungen,Ergebnis,2016,"4045019,76"
Produktbereich 04,Kultur,Produktgruppe 04.01,Kulturelle Angebote und Einrichtungen,Ord. Erträge,Ergebnis,2016,"96618,25"
Produktbereich 04,Kultur,Produktgruppe 04.01,Kulturelle Angebote und Einrichtungen,Ord. Aufwendungen,Ergebnis,2016,"672979,57"
Produktbereich 04,Kultur,Produktgruppe 04.02,Musikschule,Ord. Erträge,Ergebnis,2016,"437629,03"
Produktbereich 04,Kultur,Produktgruppe 04.02,Musikschule,Ord. Aufwendungen,Ergebnis,2016,"820140,07"
Produktbereich 04,Kultur,Produktgruppe 04.03,Stadtbibliothek,Ord. Erträge,Ergebnis,2016,"35006,81"
Produktbereich 04,Kultur,Produktgruppe 04.03,Stadtbibliothek,Ord. Aufwendungen,Ergebnis,2016,"462742,16"
Produktbereich 05,Soziale Leistungen,Produktgruppe 05.01,Soziale Leistungen,Ord. Erträge,Ergebnis,2016,"6233913,49"
Produktbereich 05,Soziale Leistungen,Produktgruppe 05.01,Soziale Leistungen,Ord. Aufwendungen,Ergebnis,2016,"5168765,48"
Produktbereich 06,"Kinder-, Jugend-  und Familienhilfe",Produktgruppe 06.01,Förderung von Kindern in Tageseinrichtungen,Ord. Erträge,Ergebnis,2016,"8249647,09"
Produktbereich 06,"Kinder-, Jugend-  und Familienhilfe",Produktgruppe 06.01,Förderung von Kindern in Tageseinrichtungen,Ord. Aufwendungen,Ergebnis,2016,"13695627,68"
Produktbereich 06,"Kinder-, Jugend-  und Familienhilfe",Produktgruppe 06.02,Kinder- und Jugendarbeit,Ord. Erträge,Ergebnis,2016,"140233,99"
Produktbereich 06,"Kinder-, Jugend-  und Familienhilfe",Produktgruppe 06.02,Kinder- und Jugendarbeit,Ord. Aufwendungen,Ergebnis,2016,"956481,58"
Produktbereich 06,"Kinder-, Jugend-  und Familienhilfe",Produktgruppe 06.03,Hilfen für junge Menschen und ihre Familien,Ord. Erträge,Ergebnis,2016,"2046909,65"
Produktbereich 06,"Kinder-, Jugend-  und Familienhilfe",Produktgruppe 06.03,Hilfen für junge Menschen und ihre Familien,Ord. Aufwendungen,Ergebnis,2016,"5371093,26"
Produktbereich 07,Gesundheitsdienste,Produktgruppe 07.01,Krankenhäuser,Ord. Erträge,Ergebnis,2016,"7000,06"
Produktbereich 07,Gesundheitsdienste,Produktgruppe 07.01,Krankenhäuser,Ord. Aufwendungen,Ergebnis,2016,"462257,02"
Produktbereich 08,Sportförderung,Produktgruppe 08.01,Bereitstellung und Betrieb von Sportanlage,Ord. Erträge,Ergebnis,2016,"161740,41"
Produktbereich 08,Sportförderung,Produktgruppe 08.01,Bereitstellung und Betrieb von Sportanlage,Ord. Aufwendungen,Ergebnis,2016,"309626,83"
Produktbereich 08,Sportförderung,Produktgruppe 08.02,Sportförderung,Ord. Erträge,Ergebnis,2016,21757
Produktbereich 08,Sportförderung,Produktgruppe 08.02,Sportförderung,Ord. Aufwendungen,Ergebnis,2016,"242427,96"
Produktbereich 08,Sportförderung,Produktgruppe 08.03,Bereitstellung von Bädern,Ord. Erträge,Ergebnis,2016,"473196,83"
Produktbereich 08,Sportförderung,Produktgruppe 08.03,Bereitstellung von Bädern,Ord. Aufwendungen,Ergebnis,2016,"407403,62"
Produktbereich 09,"Räumliche Planung und Entwicklung, Geoinformationen",Produktgruppe 09.01,Stadtentwicklungsplanung,Ord. Erträge,Ergebnis,2016,"21095,96"
Produktbereich 09,"Räumliche Planung und Entwicklung, Geoinformationen",Produktgruppe 09.01,Stadtentwicklungsplanung,Ord. Aufwendungen,Ergebnis,2016,"399201,63"
Produktbereich 09,"Räumliche Planung und Entwicklung, Geoinformationen",Produktgruppe 09.02,"Vermessung, Geodatenmanagement",Ord. Erträge,Ergebnis,2016,"461,71"
Produktbereich 09,"Räumliche Planung und Entwicklung, Geoinformationen",Produktgruppe 09.02,"Vermessung, Geodatenmanagement",Ord. Aufwendungen,Ergebnis,2016,"59146,62"
Produktbereich 10,Bauen und Wohnen,Produktgruppe 10.01,Maßnahmen der Bauaufsicht,Ord. Erträge,Ergebnis,2016,"632791,97"
Produktbereich 10,Bauen und Wohnen,Produktgruppe 10.01,Maßnahmen der Bauaufsicht,Ord. Aufwendungen,Ergebnis,2016,"414898,41"
Produktbereich 10,Bauen und Wohnen,Produktgruppe 10.02,Denkmalschutz und Denkmalpflege,Ord. Erträge,Ergebnis,2016,2800
Produktbereich 10,Bauen und Wohnen,Produktgruppe 10.02,Denkmalschutz und Denkmalpflege,Ord. Aufwendungen,Ergebnis,2016,"14372,34"
Produktbereich 10,Bauen und Wohnen,Produktgruppe 10.03,Wohnungswesen,Ord. Erträge,Ergebnis,2016,"5429,47"
Produktbereich 10,Bauen und Wohnen,Produktgruppe 10.03,Wohnungswesen,Ord. Aufwendungen,Ergebnis,2016,"124003,39"
Produktbereich 11,Ver- und Entsorgung,Produktgruppe 11.01,Abfallwirtschaft,Ord. Erträge,Ergebnis,2016,"2866395,76"
Produktbereich 11,Ver- und Entsorgung,Produktgruppe 11.01,Abfallwirtschaft,Ord. Aufwendungen,Ergebnis,2016,"2658677,88"
Produktbereich 11,Ver- und Entsorgung,Produktgruppe 11.02,Abwasserwirtschaft,Ord. Erträge,Ergebnis,2016,"8297141,08"
Produktbereich 11,Ver- und Entsorgung,Produktgruppe 11.02,Abwasserwirtschaft,Ord. Aufwendungen,Ergebnis,2016,"4453851,01"
Produktbereich 12,"Verkehrsflächen und -anlagen, ÖPNV",Produktgruppe 12.01,Öffentliche Verkehrsflächen,Ord. Erträge,Ergebnis,2016,"2917290,31"
Produktbereich 12,"Verkehrsflächen und -anlagen, ÖPNV",Produktgruppe 12.01,Öffentliche Verkehrsflächen,Ord. Aufwendungen,Ergebnis,2016,"7099961,77"
Produktbereich 12,"Verkehrsflächen und -anlagen, ÖPNV",Produktgruppe 12.03,ÖPNV,Ord. Erträge,Ergebnis,2016,"27860,47"
Produktbereich 12,"Verkehrsflächen und -anlagen, ÖPNV",Produktgruppe 12.03,ÖPNV,Ord. Aufwendungen,Ergebnis,2016,"111476,31"
Produktbereich 12,"Verkehrsflächen und -anlagen, ÖPNV",Produktgruppe 12.04,Straßenreinigung,Ord. Erträge,Ergebnis,2016,"137355,72"
Produktbereich 12,"Verkehrsflächen und -anlagen, ÖPNV",Produktgruppe 12.04,Straßenreinigung,Ord. Aufwendungen,Ergebnis,2016,"233131,42"
Produktbereich 13,Natur- und Landschaftspflege,Produktgruppe 13.01,Öffentliches Grün,Ord. Erträge,Ergebnis,2016,"14792,54"
Produktbereich 13,Natur- und Landschaftspflege,Produktgruppe 13.01,Öffentliches Grün,Ord. Aufwendungen,Ergebnis,2016,"373596,4"
Produktbereich 13,Natur- und Landschaftspflege,Produktgruppe 13.02,Friedhöfe und Bestattungswesen,Ord. Erträge,Ergebnis,2016,299258
Produktbereich 13,Natur- und Landschaftspflege,Produktgruppe 13.02,Friedhöfe und Bestattungswesen,Ord. Aufwendungen,Ergebnis,2016,"195650,71"
Produktbereich 13,Natur- und Landschaftspflege,Produktgruppe 13.03,"Natur, Wald- und Landwirtschaft",Ord. Erträge,Ergebnis,2016,"5589,57"
Produktbereich 13,Natur- und Landschaftspflege,Produktgruppe 13.03,"Natur, Wald- und Landwirtschaft",Ord. Aufwendungen,Ergebnis,2016,"2231,61"
Produktbereich 13,Natur- und Landschaftspflege,Produktgruppe 13.04,Gewässer,Ord. Erträge,Ergebnis,2016,"280379,72"
Produktbereich 13,Natur- und Landschaftspflege,Produktgruppe 13.04,Gewässer,Ord. Aufwendungen,Ergebnis,2016,"481148,77"
Produktbereich 14,Umweltschutz,Produktgruppe 14.01,Umweltschutz und Altlasten,Ord. Erträge,Ergebnis,2016,0
Produktbereich 14,Umweltschutz,Produktgruppe 14.01,Umweltschutz und Altlasten,Ord. Aufwendungen,Ergebnis,2016,"38704,08"
Produktbereich 15,Wirtschaft und Tourismus,Produktgruppe 15.01,Stadtmarketing und Tourismus,Ord. Erträge,Ergebnis,2016,3500
Produktbereich 15,Wirtschaft und Tourismus,Produktgruppe 15.01,Stadtmarketing und Tourismus,Ord. Aufwendungen,Ergebnis,2016,"288609,45"
Produktbereich 15,Wirtschaft und Tourismus,Produktgruppe 15.02,Wirtschaftsförderung,Ord. Erträge,Ergebnis,2016,"43562,24"
Produktbereich 15,Wirtschaft und Tourismus,Produktgruppe 15.02,Wirtschaftsförderung,Ord. Aufwendungen,Ergebnis,2016,"303006,38"
Produktbereich 16,Allgemeine Finanzwirtschaft,Produktgruppe 16.01,Allgemeine Finanzwirtschaft,Ord. Erträge,Ergebnis,2016,"58428581,54"
Produktbereich 16,Allgemeine Finanzwirtschaft,Produktgruppe 16.01,Allgemeine Finanzwirtschaft,Ord. Aufwendungen,Ergebnis,2016,"17148268,54"
Produktbereich 17,Stiftungen,Produktgruppe 17.01,Stiftungen,Ord. Erträge,Ergebnis,2016,0
Produktbereich 17,Stiftungen,Produktgruppe 17.01,Stiftungen,Ord. Aufwendungen,Ergebnis,2016,0
Produktbereich 01,Innere Verwaltung,Produktgruppe 01.01,Politische Gremien,Ord. Erträge,Ansatz,2017,0
Produktbereich 01,Innere Verwaltung,Produktgruppe 01.01,Politische Gremien,Ord. Aufwendungen,Ansatz,2017,394658
Produktbereich 01,Innere Verwaltung,Produktgruppe 01.02,Verwaltungsführung,Ord. Erträge,Ansatz,2017,3600
Produktbereich 01,Innere Verwaltung,Produktgruppe 01.02,Verwaltungsführung,Ord. Aufwendungen,Ansatz,2017,1101901
Produktbereich 01,Innere Verwaltung,Produktgruppe 01.04,Zentrale Dienste und Organisation,Ord. Erträge,Ansatz,2017,7000
Produktbereich 01,Innere Verwaltung,Produktgruppe 01.04,Zentrale Dienste und Organisation,Ord. Aufwendungen,Ansatz,2017,827686
Produktbereich 01,Innere Verwaltung,Produktgruppe 01.05,Rechnungsprüfung,Ord. Erträge,Ansatz,2017,0
Produktbereich 01,Innere Verwaltung,Produktgruppe 01.05,Rechnungsprüfung,Ord. Aufwendungen,Ansatz,2017,225540
Produktbereich 01,Innere Verwaltung,Produktgruppe 01.06,Personalmanagement,Ord. Erträge,Ansatz,2017,0
Produktbereich 01,Innere Verwaltung,Produktgruppe 01.06,Personalmanagement,Ord. Aufwendungen,Ansatz,2017,2457234
Produktbereich 01,Innere Verwaltung,Produktgruppe 01.07,Beschäftigtenvertretung/Gleichstellung von Mann und Frau,Ord. Erträge,Ansatz,2017,0
Produktbereich 01,Innere Verwaltung,Produktgruppe 01.07,Beschäftigtenvertretung/Gleichstellung von Mann und Frau,Ord. Aufwendungen,Ansatz,2017,142012
Produktbereich 01,Innere Verwaltung,Produktgruppe 01.08,Finanzmanagement und Rechnungswesen,Ord. Erträge,Ansatz,2017,151500
Produktbereich 01,Innere Verwaltung,Produktgruppe 01.08,Finanzmanagement und Rechnungswesen,Ord. Aufwendungen,Ansatz,2017,837397
Produktbereich 01,Innere Verwaltung,Produktgruppe 01.09,Datenverarbeitung,Ord. Erträge,Ansatz,2017,77100
Produktbereich 01,Innere Verwaltung,Produktgruppe 01.09,Datenverarbeitung,Ord. Aufwendungen,Ansatz,2017,911172
Produktbereich 01,Innere Verwaltung,Produktgruppe 01.10,Immobilienwirtschaft,Ord. Erträge,Ansatz,2017,2641700
Produktbereich 01,Innere Verwaltung,Produktgruppe 01.10,Immobilienwirtschaft,Ord. Aufwendungen,Ansatz,2017,8229888
Produktbereich 01,Innere Verwaltung,Produktgruppe 01.11,Baubetriebshof,Ord. Erträge,Ansatz,2017,23800
Produktbereich 01,Innere Verwaltung,Produktgruppe 01.11,Baubetriebshof,Ord. Aufwendungen,Ansatz,2017,3064345
Produktbereich 02,Sicherheit und Ordnung,Produktgruppe 02.01,Sicherheit und Ordnung,Ord. Erträge,Ansatz,2017,414100
Produktbereich 02,Sicherheit und Ordnung,Produktgruppe 02.01,Sicherheit und Ordnung,Ord. Aufwendungen,Ansatz,2017,539944
Produktbereich 02,Sicherheit und Ordnung,Produktgruppe 02.02,Bürgerservice,Ord. Erträge,Ansatz,2017,287700
Produktbereich 02,Sicherheit und Ordnung,Produktgruppe 02.02,Bürgerservice,Ord. Aufwendungen,Ansatz,2017,773387
Produktbereich 02,Sicherheit und Ordnung,Produktgruppe 02.03,"Wahlen, Statistik und Schiedsamtswesen",Ord. Erträge,Ansatz,2017,45500
Produktbereich 02,Sicherheit und Ordnung,Produktgruppe 02.03,"Wahlen, Statistik und Schiedsamtswesen",Ord. Aufwendungen,Ansatz,2017,76751
Produktbereich 02,Sicherheit und Ordnung,Produktgruppe 02.04,Feuerwehr und Rettungsdienst,Ord. Erträge,Ansatz,2017,1605500
Produktbereich 02,Sicherheit und Ordnung,Produktgruppe 02.04,Feuerwehr und Rettungsdienst,Ord. Aufwendungen,Ansatz,2017,3686495
Produktbereich 03,Schulträgeraufgaben,Produktgruppe 03.01,Bereitstellung schulischer Einrichtungen und Leistungen,Ord. Erträge,Ansatz,2017,1124000
Produktbereich 03,Schulträgeraufgaben,Produktgruppe 03.01,Bereitstellung schulischer Einrichtungen und Leistungen,Ord. Aufwendungen,Ansatz,2017,4677693
Produktbereich 04,Kultur,Produktgruppe 04.01,Kulturelle Angebote und Einrichtungen,Ord. Erträge,Ansatz,2017,86000
Produktbereich 04,Kultur,Produktgruppe 04.01,Kulturelle Angebote und Einrichtungen,Ord. Aufwendungen,Ansatz,2017,776376
Produktbereich 04,Kultur,Produktgruppe 04.02,Musikschule,Ord. Erträge,Ansatz,2017,448400
Produktbereich 04,Kultur,Produktgruppe 04.02,Musikschule,Ord. Aufwendungen,Ansatz,2017,820443
Produktbereich 04,Kultur,Produktgruppe 04.03,Stadtbibliothek,Ord. Erträge,Ansatz,2017,29200
Produktbereich 04,Kultur,Produktgruppe 04.03,Stadtbibliothek,Ord. Aufwendungen,Ansatz,2017,521946
Produktbereich 05,Soziale Leistungen,Produktgruppe 05.01,Soziale Leistungen,Ord. Erträge,Ansatz,2017,5024200
Produktbereich 05,Soziale Leistungen,Produktgruppe 05.01,Soziale Leistungen,Ord. Aufwendungen,Ansatz,2017,5026934
Produktbereich 06,"Kinder-, Jugend-  und Familienhilfe",Produktgruppe 06.01,Förderung von Kindern in Tageseinrichtungen,Ord. Erträge,Ansatz,2017,8237000
Produktbereich 06,"Kinder-, Jugend-  und Familienhilfe",Produktgruppe 06.01,Förderung von Kindern in Tageseinrichtungen,Ord. Aufwendungen,Ansatz,2017,14565687
Produktbereich 06,"Kinder-, Jugend-  und Familienhilfe",Produktgruppe 06.02,Kinder- und Jugendarbeit,Ord. Erträge,Ansatz,2017,140100
Produktbereich 06,"Kinder-, Jugend-  und Familienhilfe",Produktgruppe 06.02,Kinder- und Jugendarbeit,Ord. Aufwendungen,Ansatz,2017,869216
Produktbereich 06,"Kinder-, Jugend-  und Familienhilfe",Produktgruppe 06.03,Hilfen für junge Menschen und ihre Familien,Ord. Erträge,Ansatz,2017,2173100
Produktbereich 06,"Kinder-, Jugend-  und Familienhilfe",Produktgruppe 06.03,Hilfen für junge Menschen und ihre Familien,Ord. Aufwendungen,Ansatz,2017,6525403
Produktbereich 07,Gesundheitsdienste,Produktgruppe 07.01,Krankenhäuser,Ord. Erträge,Ansatz,2017,7000
Produktbereich 07,Gesundheitsdienste,Produktgruppe 07.01,Krankenhäuser,Ord. Aufwendungen,Ansatz,2017,477000
Produktbereich 08,Sportförderung,Produktgruppe 08.01,Bereitstellung und Betrieb von Sportanlage,Ord. Erträge,Ansatz,2017,102000
Produktbereich 08,Sportförderung,Produktgruppe 08.01,Bereitstellung und Betrieb von Sportanlage,Ord. Aufwendungen,Ansatz,2017,298872
Produktbereich 08,Sportförderung,Produktgruppe 08.02,Sportförderung,Ord. Erträge,Ansatz,2017,23000
Produktbereich 08,Sportförderung,Produktgruppe 08.02,Sportförderung,Ord. Aufwendungen,Ansatz,2017,269547
Produktbereich 08,Sportförderung,Produktgruppe 08.03,Bereitstellung von Bädern,Ord. Erträge,Ansatz,2017,466100
Produktbereich 08,Sportförderung,Produktgruppe 08.03,Bereitstellung von Bädern,Ord. Aufwendungen,Ansatz,2017,409817
Produktbereich 09,"Räumliche Planung und Entwicklung, Geoinformationen",Produktgruppe 09.01,Stadtentwicklungsplanung,Ord. Erträge,Ansatz,2017,4000
Produktbereich 09,"Räumliche Planung und Entwicklung, Geoinformationen",Produktgruppe 09.01,Stadtentwicklungsplanung,Ord. Aufwendungen,Ansatz,2017,667555
Produktbereich 09,"Räumliche Planung und Entwicklung, Geoinformationen",Produktgruppe 09.02,"Vermessung, Geodatenmanagement",Ord. Erträge,Ansatz,2017,0
Produktbereich 09,"Räumliche Planung und Entwicklung, Geoinformationen",Produktgruppe 09.02,"Vermessung, Geodatenmanagement",Ord. Aufwendungen,Ansatz,2017,63221
Produktbereich 10,Bauen und Wohnen,Produktgruppe 10.01,Maßnahmen der Bauaufsicht,Ord. Erträge,Ansatz,2017,454000
Produktbereich 10,Bauen und Wohnen,Produktgruppe 10.01,Maßnahmen der Bauaufsicht,Ord. Aufwendungen,Ansatz,2017,430357
Produktbereich 10,Bauen und Wohnen,Produktgruppe 10.02,Denkmalschutz und Denkmalpflege,Ord. Erträge,Ansatz,2017,2000
Produktbereich 10,Bauen und Wohnen,Produktgruppe 10.02,Denkmalschutz und Denkmalpflege,Ord. Aufwendungen,Ansatz,2017,16059
Produktbereich 10,Bauen und Wohnen,Produktgruppe 10.03,Wohnungswesen,Ord. Erträge,Ansatz,2017,6000
Produktbereich 10,Bauen und Wohnen,Produktgruppe 10.03,Wohnungswesen,Ord. Aufwendungen,Ansatz,2017,129897
Produktbereich 11,Ver- und Entsorgung,Produktgruppe 11.01,Abfallwirtschaft,Ord. Erträge,Ansatz,2017,2852000
Produktbereich 11,Ver- und Entsorgung,Produktgruppe 11.01,Abfallwirtschaft,Ord. Aufwendungen,Ansatz,2017,2778580
Produktbereich 11,Ver- und Entsorgung,Produktgruppe 11.02,Abwasserwirtschaft,Ord. Erträge,Ansatz,2017,8342500
Produktbereich 11,Ver- und Entsorgung,Produktgruppe 11.02,Abwasserwirtschaft,Ord. Aufwendungen,Ansatz,2017,4398664
Produktbereich 12,"Verkehrsflächen und -anlagen, ÖPNV",Produktgruppe 12.01,Öffentliche Verkehrsflächen,Ord. Erträge,Ansatz,2017,2789000
Produktbereich 12,"Verkehrsflächen und -anlagen, ÖPNV",Produktgruppe 12.01,Öffentliche Verkehrsflächen,Ord. Aufwendungen,Ansatz,2017,6951298
Produktbereich 12,"Verkehrsflächen und -anlagen, ÖPNV",Produktgruppe 12.03,ÖPNV,Ord. Erträge,Ansatz,2017,8200
Produktbereich 12,"Verkehrsflächen und -anlagen, ÖPNV",Produktgruppe 12.03,ÖPNV,Ord. Aufwendungen,Ansatz,2017,181492
Produktbereich 12,"Verkehrsflächen und -anlagen, ÖPNV",Produktgruppe 12.04,Straßenreinigung,Ord. Erträge,Ansatz,2017,155000
Produktbereich 12,"Verkehrsflächen und -anlagen, ÖPNV",Produktgruppe 12.04,Straßenreinigung,Ord. Aufwendungen,Ansatz,2017,256635
Produktbereich 13,Natur- und Landschaftspflege,Produktgruppe 13.01,Öffentliches Grün,Ord. Erträge,Ansatz,2017,12400
Produktbereich 13,Natur- und Landschaftspflege,Produktgruppe 13.01,Öffentliches Grün,Ord. Aufwendungen,Ansatz,2017,379100
Produktbereich 13,Natur- und Landschaftspflege,Produktgruppe 13.02,Friedhöfe und Bestattungswesen,Ord. Erträge,Ansatz,2017,315400
Produktbereich 13,Natur- und Landschaftspflege,Produktgruppe 13.02,Friedhöfe und Bestattungswesen,Ord. Aufwendungen,Ansatz,2017,290776
Produktbereich 13,Natur- und Landschaftspflege,Produktgruppe 13.03,"Natur, Wald- und Landwirtschaft",Ord. Erträge,Ansatz,2017,5000
Produktbereich 13,Natur- und Landschaftspflege,Produktgruppe 13.03,"Natur, Wald- und Landwirtschaft",Ord. Aufwendungen,Ansatz,2017,6100
Produktbereich 13,Natur- und Landschaftspflege,Produktgruppe 13.04,Gewässer,Ord. Erträge,Ansatz,2017,401600
Produktbereich 13,Natur- und Landschaftspflege,Produktgruppe 13.04,Gewässer,Ord. Aufwendungen,Ansatz,2017,529270
Produktbereich 14,Umweltschutz,Produktgruppe 14.01,Umweltschutz und Altlasten,Ord. Erträge,Ansatz,2017,6000
Produktbereich 14,Umweltschutz,Produktgruppe 14.01,Umweltschutz und Altlasten,Ord. Aufwendungen,Ansatz,2017,42013
Produktbereich 15,Wirtschaft und Tourismus,Produktgruppe 15.01,Stadtmarketing und Tourismus,Ord. Erträge,Ansatz,2017,3500
Produktbereich 15,Wirtschaft und Tourismus,Produktgruppe 15.01,Stadtmarketing und Tourismus,Ord. Aufwendungen,Ansatz,2017,305814
Produktbereich 15,Wirtschaft und Tourismus,Produktgruppe 15.02,Wirtschaftsförderung,Ord. Erträge,Ansatz,2017,93500
Produktbereich 15,Wirtschaft und Tourismus,Produktgruppe 15.02,Wirtschaftsförderung,Ord. Aufwendungen,Ansatz,2017,314257
Produktbereich 16,Allgemeine Finanzwirtschaft,Produktgruppe 16.01,Allgemeine Finanzwirtschaft,Ord. Erträge,Ansatz,2017,55542300
Produktbereich 16,Allgemeine Finanzwirtschaft,Produktgruppe 16.01,Allgemeine Finanzwirtschaft,Ord. Aufwendungen,Ansatz,2017,19322000
Produktbereich 17,Stiftungen,Produktgruppe 17.01,Stiftungen,Ord. Erträge,Ansatz,2017,0
Produktbereich 17,Stiftungen,Produktgruppe 17.01,Stiftungen,Ord. Aufwendungen,Ansatz,2017,0
Produktbereich 01,Innere Verwaltung,Produktgruppe 01.01,Politische Gremien,Ord. Erträge,Ansatz,2018,0
Produktbereich 01,Innere Verwaltung,Produktgruppe 01.01,Politische Gremien,Ord. Aufwendungen,Ansatz,2018,403221
Produktbereich 01,Innere Verwaltung,Produktgruppe 01.02,Verwaltungsführung,Ord. Erträge,Ansatz,2018,100
Produktbereich 01,Innere Verwaltung,Produktgruppe 01.02,Verwaltungsführung,Ord. Aufwendungen,Ansatz,2018,1266834
Produktbereich 01,Innere Verwaltung,Produktgruppe 01.04,Zentrale Dienste und Organisation,Ord. Erträge,Ansatz,2018,3800
Produktbereich 01,Innere Verwaltung,Produktgruppe 01.04,Zentrale Dienste und Organisation,Ord. Aufwendungen,Ansatz,2018,848383
Produktbereich 01,Innere Verwaltung,Produktgruppe 01.05,Rechnungsprüfung,Ord. Erträge,Ansatz,2018,0
Produktbereich 01,Innere Verwaltung,Produktgruppe 01.05,Rechnungsprüfung,Ord. Aufwendungen,Ansatz,2018,306805
Produktbereich 01,Innere Verwaltung,Produktgruppe 01.06,Personalmanagement,Ord. Erträge,Ansatz,2018,0
Produktbereich 01,Innere Verwaltung,Produktgruppe 01.06,Personalmanagement,Ord. Aufwendungen,Ansatz,2018,2603840
Produktbereich 01,Innere Verwaltung,Produktgruppe 01.07,Beschäftigtenvertretung/Gleichstellung von Mann und Frau,Ord. Erträge,Ansatz,2018,0
Produktbereich 01,Innere Verwaltung,Produktgruppe 01.07,Beschäftigtenvertretung/Gleichstellung von Mann und Frau,Ord. Aufwendungen,Ansatz,2018,146444
Produktbereich 01,Innere Verwaltung,Produktgruppe 01.08,Finanzmanagement und Rechnungswesen,Ord. Erträge,Ansatz,2018,161600
Produktbereich 01,Innere Verwaltung,Produktgruppe 01.08,Finanzmanagement und Rechnungswesen,Ord. Aufwendungen,Ansatz,2018,887396
Produktbereich 01,Innere Verwaltung,Produktgruppe 01.09,Datenverarbeitung,Ord. Erträge,Ansatz,2018,70100
Produktbereich 01,Innere Verwaltung,Produktgruppe 01.09,Datenverarbeitung,Ord. Aufwendungen,Ansatz,2018,1004144
Produktbereich 01,Innere Verwaltung,Produktgruppe 01.10,Immobilienwirtschaft,Ord. Erträge,Ansatz,2018,2734500
Produktbereich 01,Innere Verwaltung,Produktgruppe 01.10,Immobilienwirtschaft,Ord. Aufwendungen,Ansatz,2018,8378260
Produktbereich 01,Innere Verwaltung,Produktgruppe 01.11,Baubetriebshof,Ord. Erträge,Ansatz,2018,23800
Produktbereich 01,Innere Verwaltung,Produktgruppe 01.11,Baubetriebshof,Ord. Aufwendungen,Ansatz,2018,3285491
Produktbereich 02,Sicherheit und Ordnung,Produktgruppe 02.01,Sicherheit und Ordnung,Ord. Erträge,Ansatz,2018,414200
Produktbereich 02,Sicherheit und Ordnung,Produktgruppe 02.01,Sicherheit und Ordnung,Ord. Aufwendungen,Ansatz,2018,510471
Produktbereich 02,Sicherheit und Ordnung,Produktgruppe 02.02,Bürgerservice,Ord. Erträge,Ansatz,2018,305500
Produktbereich 02,Sicherheit und Ordnung,Produktgruppe 02.02,Bürgerservice,Ord. Aufwendungen,Ansatz,2018,796152
Produktbereich 02,Sicherheit und Ordnung,Produktgruppe 02.03,"Wahlen, Statistik und Schiedsamtswesen",Ord. Erträge,Ansatz,2018,0
Produktbereich 02,Sicherheit und Ordnung,Produktgruppe 02.03,"Wahlen, Statistik und Schiedsamtswesen",Ord. Aufwendungen,Ansatz,2018,30970
Produktbereich 02,Sicherheit und Ordnung,Produktgruppe 02.04,Feuerwehr und Rettungsdienst,Ord. Erträge,Ansatz,2018,1637000
Produktbereich 02,Sicherheit und Ordnung,Produktgruppe 02.04,Feuerwehr und Rettungsdienst,Ord. Aufwendungen,Ansatz,2018,3923732
Produktbereich 03,Schulträgeraufgaben,Produktgruppe 03.01,Bereitstellung schulischer Einrichtungen und Leistungen,Ord. Erträge,Ansatz,2018,1258800
Produktbereich 03,Schulträgeraufgaben,Produktgruppe 03.01,Bereitstellung schulischer Einrichtungen und Leistungen,Ord. Aufwendungen,Ansatz,2018,5075796
Produktbereich 04,Kultur,Produktgruppe 04.01,Kulturelle Angebote und Einrichtungen,Ord. Erträge,Ansatz,2018,145400
Produktbereich 04,Kultur,Produktgruppe 04.01,Kulturelle Angebote und Einrichtungen,Ord. Aufwendungen,Ansatz,2018,929560
Produktbereich 04,Kultur,Produktgruppe 04.02,Musikschule,Ord. Erträge,Ansatz,2018,462200
Produktbereich 04,Kultur,Produktgruppe 04.02,Musikschule,Ord. Aufwendungen,Ansatz,2018,857126
Produktbereich 04,Kultur,Produktgruppe 04.03,Stadtbibliothek,Ord. Erträge,Ansatz,2018,33500
Produktbereich 04,Kultur,Produktgruppe 04.03,Stadtbibliothek,Ord. Aufwendungen,Ansatz,2018,520296
Produktbereich 05,Soziale Leistungen,Produktgruppe 05.01,Soziale Leistungen,Ord. Erträge,Ansatz,2018,2410200
Produktbereich 05,Soziale Leistungen,Produktgruppe 05.01,Soziale Leistungen,Ord. Aufwendungen,Ansatz,2018,4672140
Produktbereich 06,"Kinder-, Jugend-  und Familienhilfe",Produktgruppe 06.01,Förderung von Kindern in Tageseinrichtungen,Ord. Erträge,Ansatz,2018,8931500
Produktbereich 06,"Kinder-, Jugend-  und Familienhilfe",Produktgruppe 06.01,Förderung von Kindern in Tageseinrichtungen,Ord. Aufwendungen,Ansatz,2018,15293090
Produktbereich 06,"Kinder-, Jugend-  und Familienhilfe",Produktgruppe 06.02,Kinder- und Jugendarbeit,Ord. Erträge,Ansatz,2018,81500
Produktbereich 06,"Kinder-, Jugend-  und Familienhilfe",Produktgruppe 06.02,Kinder- und Jugendarbeit,Ord. Aufwendungen,Ansatz,2018,862085
Produktbereich 06,"Kinder-, Jugend-  und Familienhilfe",Produktgruppe 06.03,Hilfen für junge Menschen und ihre Familien,Ord. Erträge,Ansatz,2018,2449100
Produktbereich 06,"Kinder-, Jugend-  und Familienhilfe",Produktgruppe 06.03,Hilfen für junge Menschen und ihre Familien,Ord. Aufwendungen,Ansatz,2018,6665585
Produktbereich 07,Gesundheitsdienste,Produktgruppe 07.01,Krankenhäuser,Ord. Erträge,Ansatz,2018,7000
Produktbereich 07,Gesundheitsdienste,Produktgruppe 07.01,Krankenhäuser,Ord. Aufwendungen,Ansatz,2018,747000
Produktbereich 08,Sportförderung,Produktgruppe 08.01,Bereitstellung und Betrieb von Sportanlage,Ord. Erträge,Ansatz,2018,103000
Produktbereich 08,Sportförderung,Produktgruppe 08.01,Bereitstellung und Betrieb von Sportanlage,Ord. Aufwendungen,Ansatz,2018,508955
Produktbereich 08,Sportförderung,Produktgruppe 08.02,Sportförderung,Ord. Erträge,Ansatz,2018,23000
Produktbereich 08,Sportförderung,Produktgruppe 08.02,Sportförderung,Ord. Aufwendungen,Ansatz,2018,280042
Produktbereich 08,Sportförderung,Produktgruppe 08.03,Bereitstellung von Bädern,Ord. Erträge,Ansatz,2018,460600
Produktbereich 08,Sportförderung,Produktgruppe 08.03,Bereitstellung von Bädern,Ord. Aufwendungen,Ansatz,2018,411265
Produktbereich 09,"Räumliche Planung und Entwicklung, Geoinformationen",Produktgruppe 09.01,Stadtentwicklungsplanung,Ord. Erträge,Ansatz,2018,4000
Produktbereich 09,"Räumliche Planung und Entwicklung, Geoinformationen",Produktgruppe 09.01,Stadtentwicklungsplanung,Ord. Aufwendungen,Ansatz,2018,635655
Produktbereich 09,"Räumliche Planung und Entwicklung, Geoinformationen",Produktgruppe 09.02,"Vermessung, Geodatenmanagement",Ord. Erträge,Ansatz,2018,0
Produktbereich 09,"Räumliche Planung und Entwicklung, Geoinformationen",Produktgruppe 09.02,"Vermessung, Geodatenmanagement",Ord. Aufwendungen,Ansatz,2018,64306
Produktbereich 10,Bauen und Wohnen,Produktgruppe 10.01,Maßnahmen der Bauaufsicht,Ord. Erträge,Ansatz,2018,454000
Produktbereich 10,Bauen und Wohnen,Produktgruppe 10.01,Maßnahmen der Bauaufsicht,Ord. Aufwendungen,Ansatz,2018,440606
Produktbereich 10,Bauen und Wohnen,Produktgruppe 10.02,Denkmalschutz und Denkmalpflege,Ord. Erträge,Ansatz,2018,2000
Produktbereich 10,Bauen und Wohnen,Produktgruppe 10.02,Denkmalschutz und Denkmalpflege,Ord. Aufwendungen,Ansatz,2018,16150
Produktbereich 10,Bauen und Wohnen,Produktgruppe 10.03,Wohnungswesen,Ord. Erträge,Ansatz,2018,5500
Produktbereich 10,Bauen und Wohnen,Produktgruppe 10.03,Wohnungswesen,Ord. Aufwendungen,Ansatz,2018,140970
Produktbereich 11,Ver- und Entsorgung,Produktgruppe 11.01,Abfallwirtschaft,Ord. Erträge,Ansatz,2018,2887900
Produktbereich 11,Ver- und Entsorgung,Produktgruppe 11.01,Abfallwirtschaft,Ord. Aufwendungen,Ansatz,2018,2785092
Produktbereich 11,Ver- und Entsorgung,Produktgruppe 11.02,Abwasserwirtschaft,Ord. Erträge,Ansatz,2018,8442300
Produktbereich 11,Ver- und Entsorgung,Produktgruppe 11.02,Abwasserwirtschaft,Ord. Aufwendungen,Ansatz,2018,4483961
Produktbereich 12,"Verkehrsflächen und -anlagen, ÖPNV",Produktgruppe 12.01,Öffentliche Verkehrsflächen,Ord. Erträge,Ansatz,2018,2819000
Produktbereich 12,"Verkehrsflächen und -anlagen, ÖPNV",Produktgruppe 12.01,Öffentliche Verkehrsflächen,Ord. Aufwendungen,Ansatz,2018,7163913
Produktbereich 12,"Verkehrsflächen und -anlagen, ÖPNV",Produktgruppe 12.03,ÖPNV,Ord. Erträge,Ansatz,2018,10700
Produktbereich 12,"Verkehrsflächen und -anlagen, ÖPNV",Produktgruppe 12.03,ÖPNV,Ord. Aufwendungen,Ansatz,2018,175762
Produktbereich 12,"Verkehrsflächen und -anlagen, ÖPNV",Produktgruppe 12.04,Straßenreinigung,Ord. Erträge,Ansatz,2018,155000
Produktbereich 12,"Verkehrsflächen und -anlagen, ÖPNV",Produktgruppe 12.04,Straßenreinigung,Ord. Aufwendungen,Ansatz,2018,261516
Produktbereich 13,Natur- und Landschaftspflege,Produktgruppe 13.01,Öffentliches Grün,Ord. Erträge,Ansatz,2018,2600
Produktbereich 13,Natur- und Landschaftspflege,Produktgruppe 13.01,Öffentliches Grün,Ord. Aufwendungen,Ansatz,2018,567072
Produktbereich 13,Natur- und Landschaftspflege,Produktgruppe 13.02,Friedhöfe und Bestattungswesen,Ord. Erträge,Ansatz,2018,355400
Produktbereich 13,Natur- und Landschaftspflege,Produktgruppe 13.02,Friedhöfe und Bestattungswesen,Ord. Aufwendungen,Ansatz,2018,318538
Produktbereich 13,Natur- und Landschaftspflege,Produktgruppe 13.03,"Natur, Wald- und Landwirtschaft",Ord. Erträge,Ansatz,2018,1000
Produktbereich 13,Natur- und Landschaftspflege,Produktgruppe 13.03,"Natur, Wald- und Landwirtschaft",Ord. Aufwendungen,Ansatz,2018,11100
Produktbereich 13,Natur- und Landschaftspflege,Produktgruppe 13.04,Gewässer,Ord. Erträge,Ansatz,2018,804600
Produktbereich 13,Natur- und Landschaftspflege,Produktgruppe 13.04,Gewässer,Ord. Aufwendungen,Ansatz,2018,614334
Produktbereich 14,Umweltschutz,Produktgruppe 14.01,Umweltschutz und Altlasten,Ord. Erträge,Ansatz,2018,6000
Produktbereich 14,Umweltschutz,Produktgruppe 14.01,Umweltschutz und Altlasten,Ord. Aufwendungen,Ansatz,2018,81527
Produktbereich 15,Wirtschaft und Tourismus,Produktgruppe 15.01,Stadtmarketing und Tourismus,Ord. Erträge,Ansatz,2018,3500
Produktbereich 15,Wirtschaft und Tourismus,Produktgruppe 15.01,Stadtmarketing und Tourismus,Ord. Aufwendungen,Ansatz,2018,367439
Produktbereich 15,Wirtschaft und Tourismus,Produktgruppe 15.02,Wirtschaftsförderung,Ord. Erträge,Ansatz,2018,63500
Produktbereich 15,Wirtschaft und Tourismus,Produktgruppe 15.02,Wirtschaftsförderung,Ord. Aufwendungen,Ansatz,2018,329367
Produktbereich 16,Allgemeine Finanzwirtschaft,Produktgruppe 16.01,Allgemeine Finanzwirtschaft,Ord. Erträge,Ansatz,2018,60511300
Produktbereich 16,Allgemeine Finanzwirtschaft,Produktgruppe 16.01,Allgemeine Finanzwirtschaft,Ord. Aufwendungen,Ansatz,2018,17333000
Produktbereich 17,Stiftungen,Produktgruppe 17.01,Stiftungen,Ord. Erträge,Ansatz,2018,0
Produktbereich 17,Stiftungen,Produktgruppe 17.01,Stiftungen,Ord. Aufwendungen,Ansatz,2018,100
Produktbereich 01,Innere Verwaltung,Produktgruppe 01.01,Politische Gremien,Ord. Erträge,Planung,2019,0
Produktbereich 01,Innere Verwaltung,Produktgruppe 01.01,Politische Gremien,Ord. Aufwendungen,Planung,2019,405800
Produktbereich 01,Innere Verwaltung,Produktgruppe 01.02,Verwaltungsführung,Ord. Erträge,Planung,2019,100
Produktbereich 01,Innere Verwaltung,Produktgruppe 01.02,Verwaltungsführung,Ord. Aufwendungen,Planung,2019,1296200
Produktbereich 01,Innere Verwaltung,Produktgruppe 01.04,Zentrale Dienste und Organisation,Ord. Erträge,Planung,2019,3800
Produktbereich 01,Innere Verwaltung,Produktgruppe 01.04,Zentrale Dienste und Organisation,Ord. Aufwendungen,Planung,2019,863800
Produktbereich 01,Innere Verwaltung,Produktgruppe 01.05,Rechnungsprüfung,Ord. Erträge,Planung,2019,0
Produktbereich 01,Innere Verwaltung,Produktgruppe 01.05,Rechnungsprüfung,Ord. Aufwendungen,Planung,2019,314900
Produktbereich 01,Innere Verwaltung,Produktgruppe 01.06,Personalmanagement,Ord. Erträge,Planung,2019,0
Produktbereich 01,Innere Verwaltung,Produktgruppe 01.06,Personalmanagement,Ord. Aufwendungen,Planung,2019,2679400
Produktbereich 01,Innere Verwaltung,Produktgruppe 01.07,Beschäftigtenvertretung/Gleichstellung von Mann und Frau,Ord. Erträge,Planung,2019,0
Produktbereich 01,Innere Verwaltung,Produktgruppe 01.07,Beschäftigtenvertretung/Gleichstellung von Mann und Frau,Ord. Aufwendungen,Planung,2019,150600
Produktbereich 01,Innere Verwaltung,Produktgruppe 01.08,Finanzmanagement und Rechnungswesen,Ord. Erträge,Planung,2019,162100
Produktbereich 01,Innere Verwaltung,Produktgruppe 01.08,Finanzmanagement und Rechnungswesen,Ord. Aufwendungen,Planung,2019,887500
Produktbereich 01,Innere Verwaltung,Produktgruppe 01.09,Datenverarbeitung,Ord. Erträge,Planung,2019,71100
Produktbereich 01,Innere Verwaltung,Produktgruppe 01.09,Datenverarbeitung,Ord. Aufwendungen,Planung,2019,1001800
Produktbereich 01,Innere Verwaltung,Produktgruppe 01.10,Immobilienwirtschaft,Ord. Erträge,Planung,2019,2757800
Produktbereich 01,Innere Verwaltung,Produktgruppe 01.10,Immobilienwirtschaft,Ord. Aufwendungen,Planung,2019,8488800
Produktbereich 01,Innere Verwaltung,Produktgruppe 01.11,Baubetriebshof,Ord. Erträge,Planung,2019,23800
Produktbereich 01,Innere Verwaltung,Produktgruppe 01.11,Baubetriebshof,Ord. Aufwendungen,Planung,2019,3357900
Produktbereich 02,Sicherheit und Ordnung,Produktgruppe 02.01,Sicherheit und Ordnung,Ord. Erträge,Planung,2019,418300
Produktbereich 02,Sicherheit und Ordnung,Produktgruppe 02.01,Sicherheit und Ordnung,Ord. Aufwendungen,Planung,2019,523500
Produktbereich 02,Sicherheit und Ordnung,Produktgruppe 02.02,Bürgerservice,Ord. Erträge,Planung,2019,308500
Produktbereich 02,Sicherheit und Ordnung,Produktgruppe 02.02,Bürgerservice,Ord. Aufwendungen,Planung,2019,814300
Produktbereich 02,Sicherheit und Ordnung,Produktgruppe 02.03,"Wahlen, Statistik und Schiedsamtswesen",Ord. Erträge,Planung,2019,20000
Produktbereich 02,Sicherheit und Ordnung,Produktgruppe 02.03,"Wahlen, Statistik und Schiedsamtswesen",Ord. Aufwendungen,Planung,2019,51700
Produktbereich 02,Sicherheit und Ordnung,Produktgruppe 02.04,Feuerwehr und Rettungsdienst,Ord. Erträge,Planung,2019,1640900
Produktbereich 02,Sicherheit und Ordnung,Produktgruppe 02.04,Feuerwehr und Rettungsdienst,Ord. Aufwendungen,Planung,2019,3922400
Produktbereich 03,Schulträgeraufgaben,Produktgruppe 03.01,Bereitstellung schulischer Einrichtungen und Leistungen,Ord. Erträge,Planung,2019,1258000
Produktbereich 03,Schulträgeraufgaben,Produktgruppe 03.01,Bereitstellung schulischer Einrichtungen und Leistungen,Ord. Aufwendungen,Planung,2019,5019700
Produktbereich 04,Kultur,Produktgruppe 04.01,Kulturelle Angebote und Einrichtungen,Ord. Erträge,Planung,2019,149300
Produktbereich 04,Kultur,Produktgruppe 04.01,Kulturelle Angebote und Einrichtungen,Ord. Aufwendungen,Planung,2019,957500
Produktbereich 04,Kultur,Produktgruppe 04.02,Musikschule,Ord. Erträge,Planung,2019,462200
Produktbereich 04,Kultur,Produktgruppe 04.02,Musikschule,Ord. Aufwendungen,Planung,2019,880300
Produktbereich 04,Kultur,Produktgruppe 04.03,Stadtbibliothek,Ord. Erträge,Planung,2019,33000
Produktbereich 04,Kultur,Produktgruppe 04.03,Stadtbibliothek,Ord. Aufwendungen,Planung,2019,520600
Produktbereich 05,Soziale Leistungen,Produktgruppe 05.01,Soziale Leistungen,Ord. Erträge,Planung,2019,2414700
Produktbereich 05,Soziale Leistungen,Produktgruppe 05.01,Soziale Leistungen,Ord. Aufwendungen,Planung,2019,4759900
Produktbereich 06,"Kinder-, Jugend-  und Familienhilfe",Produktgruppe 06.01,Förderung von Kindern in Tageseinrichtungen,Ord. Erträge,Planung,2019,8948400
Produktbereich 06,"Kinder-, Jugend-  und Familienhilfe",Produktgruppe 06.01,Förderung von Kindern in Tageseinrichtungen,Ord. Aufwendungen,Planung,2019,15604300
Produktbereich 06,"Kinder-, Jugend-  und Familienhilfe",Produktgruppe 06.02,Kinder- und Jugendarbeit,Ord. Erträge,Planung,2019,81500
Produktbereich 06,"Kinder-, Jugend-  und Familienhilfe",Produktgruppe 06.02,Kinder- und Jugendarbeit,Ord. Aufwendungen,Planung,2019,870000
Produktbereich 06,"Kinder-, Jugend-  und Familienhilfe",Produktgruppe 06.03,Hilfen für junge Menschen und ihre Familien,Ord. Erträge,Planung,2019,2484300
Produktbereich 06,"Kinder-, Jugend-  und Familienhilfe",Produktgruppe 06.03,Hilfen für junge Menschen und ihre Familien,Ord. Aufwendungen,Planung,2019,6807500
Produktbereich 07,Gesundheitsdienste,Produktgruppe 07.01,Krankenhäuser,Ord. Erträge,Planung,2019,7000
Produktbereich 07,Gesundheitsdienste,Produktgruppe 07.01,Krankenhäuser,Ord. Aufwendungen,Planung,2019,747000
Produktbereich 08,Sportförderung,Produktgruppe 08.01,Bereitstellung und Betrieb von Sportanlage,Ord. Erträge,Planung,2019,103000
Produktbereich 08,Sportförderung,Produktgruppe 08.01,Bereitstellung und Betrieb von Sportanlage,Ord. Aufwendungen,Planung,2019,347600
Produktbereich 08,Sportförderung,Produktgruppe 08.02,Sportförderung,Ord. Erträge,Planung,2019,23000
Produktbereich 08,Sportförderung,Produktgruppe 08.02,Sportförderung,Ord. Aufwendungen,Planung,2019,285900
Produktbereich 08,Sportförderung,Produktgruppe 08.03,Bereitstellung von Bädern,Ord. Erträge,Planung,2019,464000
Produktbereich 08,Sportförderung,Produktgruppe 08.03,Bereitstellung von Bädern,Ord. Aufwendungen,Planung,2019,417800
Produktbereich 09,"Räumliche Planung und Entwicklung, Geoinformationen",Produktgruppe 09.01,Stadtentwicklungsplanung,Ord. Erträge,Planung,2019,4000
Produktbereich 09,"Räumliche Planung und Entwicklung, Geoinformationen",Produktgruppe 09.01,Stadtentwicklungsplanung,Ord. Aufwendungen,Planung,2019,648500
Produktbereich 09,"Räumliche Planung und Entwicklung, Geoinformationen",Produktgruppe 09.02,"Vermessung, Geodatenmanagement",Ord. Erträge,Planung,2019,0
Produktbereich 09,"Räumliche Planung und Entwicklung, Geoinformationen",Produktgruppe 09.02,"Vermessung, Geodatenmanagement",Ord. Aufwendungen,Planung,2019,66000
Produktbereich 10,Bauen und Wohnen,Produktgruppe 10.01,Maßnahmen der Bauaufsicht,Ord. Erträge,Planung,2019,458500
Produktbereich 10,Bauen und Wohnen,Produktgruppe 10.01,Maßnahmen der Bauaufsicht,Ord. Aufwendungen,Planung,2019,453300
Produktbereich 10,Bauen und Wohnen,Produktgruppe 10.02,Denkmalschutz und Denkmalpflege,Ord. Erträge,Planung,2019,2000
Produktbereich 10,Bauen und Wohnen,Produktgruppe 10.02,Denkmalschutz und Denkmalpflege,Ord. Aufwendungen,Planung,2019,16500
Produktbereich 10,Bauen und Wohnen,Produktgruppe 10.03,Wohnungswesen,Ord. Erträge,Planung,2019,5500
Produktbereich 10,Bauen und Wohnen,Produktgruppe 10.03,Wohnungswesen,Ord. Aufwendungen,Planung,2019,145000
Produktbereich 11,Ver- und Entsorgung,Produktgruppe 11.01,Abfallwirtschaft,Ord. Erträge,Planung,2019,2854100
Produktbereich 11,Ver- und Entsorgung,Produktgruppe 11.01,Abfallwirtschaft,Ord. Aufwendungen,Planung,2019,2814300
Produktbereich 11,Ver- und Entsorgung,Produktgruppe 11.02,Abwasserwirtschaft,Ord. Erträge,Planung,2019,8604500
Produktbereich 11,Ver- und Entsorgung,Produktgruppe 11.02,Abwasserwirtschaft,Ord. Aufwendungen,Planung,2019,4590300
Produktbereich 12,"Verkehrsflächen und -anlagen, ÖPNV",Produktgruppe 12.01,Öffentliche Verkehrsflächen,Ord. Erträge,Planung,2019,2839100
Produktbereich 12,"Verkehrsflächen und -anlagen, ÖPNV",Produktgruppe 12.01,Öffentliche Verkehrsflächen,Ord. Aufwendungen,Planung,2019,7229200
Produktbereich 12,"Verkehrsflächen und -anlagen, ÖPNV",Produktgruppe 12.03,ÖPNV,Ord. Erträge,Planung,2019,10700
Produktbereich 12,"Verkehrsflächen und -anlagen, ÖPNV",Produktgruppe 12.03,ÖPNV,Ord. Aufwendungen,Planung,2019,177300
Produktbereich 12,"Verkehrsflächen und -anlagen, ÖPNV",Produktgruppe 12.04,Straßenreinigung,Ord. Erträge,Planung,2019,155000
Produktbereich 12,"Verkehrsflächen und -anlagen, ÖPNV",Produktgruppe 12.04,Straßenreinigung,Ord. Aufwendungen,Planung,2019,262600
Produktbereich 13,Natur- und Landschaftspflege,Produktgruppe 13.01,Öffentliches Grün,Ord. Erträge,Planung,2019,2600
Produktbereich 13,Natur- und Landschaftspflege,Produktgruppe 13.01,Öffentliches Grün,Ord. Aufwendungen,Planung,2019,573000
Produktbereich 13,Natur- und Landschaftspflege,Produktgruppe 13.02,Friedhöfe und Bestattungswesen,Ord. Erträge,Planung,2019,359800
Produktbereich 13,Natur- und Landschaftspflege,Produktgruppe 13.02,Friedhöfe und Bestattungswesen,Ord. Aufwendungen,Planung,2019,329600
Produktbereich 13,Natur- und Landschaftspflege,Produktgruppe 13.03,"Natur, Wald- und Landwirtschaft",Ord. Erträge,Planung,2019,1000
Produktbereich 13,Natur- und Landschaftspflege,Produktgruppe 13.03,"Natur, Wald- und Landwirtschaft",Ord. Aufwendungen,Planung,2019,11200
Produktbereich 13,Natur- und Landschaftspflege,Produktgruppe 13.04,Gewässer,Ord. Erträge,Planung,2019,444600
Produktbereich 13,Natur- und Landschaftspflege,Produktgruppe 13.04,Gewässer,Ord. Aufwendungen,Planung,2019,622500
Produktbereich 14,Umweltschutz,Produktgruppe 14.01,Umweltschutz und Altlasten,Ord. Erträge,Planung,2019,6000
Produktbereich 14,Umweltschutz,Produktgruppe 14.01,Umweltschutz und Altlasten,Ord. Aufwendungen,Planung,2019,49200
Produktbereich 15,Wirtschaft und Tourismus,Produktgruppe 15.01,Stadtmarketing und Tourismus,Ord. Erträge,Planung,2019,3500
Produktbereich 15,Wirtschaft und Tourismus,Produktgruppe 15.01,Stadtmarketing und Tourismus,Ord. Aufwendungen,Planung,2019,369100
Produktbereich 15,Wirtschaft und Tourismus,Produktgruppe 15.02,Wirtschaftsförderung,Ord. Erträge,Planung,2019,63500
Produktbereich 15,Wirtschaft und Tourismus,Produktgruppe 15.02,Wirtschaftsförderung,Ord. Aufwendungen,Planung,2019,228100
Produktbereich 16,Allgemeine Finanzwirtschaft,Produktgruppe 16.01,Allgemeine Finanzwirtschaft,Ord. Erträge,Planung,2019,60939300
Produktbereich 16,Allgemeine Finanzwirtschaft,Produktgruppe 16.01,Allgemeine Finanzwirtschaft,Ord. Aufwendungen,Planung,2019,17333000
Produktbereich 17,Stiftungen,Produktgruppe 17.01,Stiftungen,Ord. Erträge,Planung,2019,0
Produktbereich 17,Stiftungen,Produktgruppe 17.01,Stiftungen,Ord. Aufwendungen,Planung,2019,100
Produktbereich 01,Innere Verwaltung,Produktgruppe 01.01,Politische Gremien,Ord. Erträge,Planung,2020,0
Produktbereich 01,Innere Verwaltung,Produktgruppe 01.01,Politische Gremien,Ord. Aufwendungen,Planung,2020,408400
Produktbereich 01,Innere Verwaltung,Produktgruppe 01.02,Verwaltungsführung,Ord. Erträge,Planung,2020,100
Produktbereich 01,Innere Verwaltung,Produktgruppe 01.02,Verwaltungsführung,Ord. Aufwendungen,Planung,2020,1285900
Produktbereich 01,Innere Verwaltung,Produktgruppe 01.04,Zentrale Dienste und Organisation,Ord. Erträge,Planung,2020,3800
Produktbereich 01,Innere Verwaltung,Produktgruppe 01.04,Zentrale Dienste und Organisation,Ord. Aufwendungen,Planung,2020,879500
Produktbereich 01,Innere Verwaltung,Produktgruppe 01.05,Rechnungsprüfung,Ord. Erträge,Planung,2020,0
Produktbereich 01,Innere Verwaltung,Produktgruppe 01.05,Rechnungsprüfung,Ord. Aufwendungen,Planung,2020,323000
Produktbereich 01,Innere Verwaltung,Produktgruppe 01.06,Personalmanagement,Ord. Erträge,Planung,2020,0
Produktbereich 01,Innere Verwaltung,Produktgruppe 01.06,Personalmanagement,Ord. Aufwendungen,Planung,2020,2757500
Produktbereich 01,Innere Verwaltung,Produktgruppe 01.07,Beschäftigtenvertretung/Gleichstellung von Mann und Frau,Ord. Erträge,Planung,2020,0
Produktbereich 01,Innere Verwaltung,Produktgruppe 01.07,Beschäftigtenvertretung/Gleichstellung von Mann und Frau,Ord. Aufwendungen,Planung,2020,154700
Produktbereich 01,Innere Verwaltung,Produktgruppe 01.08,Finanzmanagement und Rechnungswesen,Ord. Erträge,Planung,2020,162600
Produktbereich 01,Innere Verwaltung,Produktgruppe 01.08,Finanzmanagement und Rechnungswesen,Ord. Aufwendungen,Planung,2020,912600
Produktbereich 01,Innere Verwaltung,Produktgruppe 01.09,Datenverarbeitung,Ord. Erträge,Planung,2020,72100
Produktbereich 01,Innere Verwaltung,Produktgruppe 01.09,Datenverarbeitung,Ord. Aufwendungen,Planung,2020,1023900
Produktbereich 01,Innere Verwaltung,Produktgruppe 01.10,Immobilienwirtschaft,Ord. Erträge,Planung,2020,2767200
Produktbereich 01,Innere Verwaltung,Produktgruppe 01.10,Immobilienwirtschaft,Ord. Aufwendungen,Planung,2020,8570300
Produktbereich 01,Innere Verwaltung,Produktgruppe 01.11,Baubetriebshof,Ord. Erträge,Planung,2020,23900
Produktbereich 01,Innere Verwaltung,Produktgruppe 01.11,Baubetriebshof,Ord. Aufwendungen,Planung,2020,3445900
Produktbereich 02,Sicherheit und Ordnung,Produktgruppe 02.01,Sicherheit und Ordnung,Ord. Erträge,Planung,2020,422400
Produktbereich 02,Sicherheit und Ordnung,Produktgruppe 02.01,Sicherheit und Ordnung,Ord. Aufwendungen,Planung,2020,537100
Produktbereich 02,Sicherheit und Ordnung,Produktgruppe 02.02,Bürgerservice,Ord. Erträge,Planung,2020,311500
Produktbereich 02,Sicherheit und Ordnung,Produktgruppe 02.02,Bürgerservice,Ord. Aufwendungen,Planung,2020,833200
Produktbereich 02,Sicherheit und Ordnung,Produktgruppe 02.03,"Wahlen, Statistik und Schiedsamtswesen",Ord. Erträge,Planung,2020,11000
Produktbereich 02,Sicherheit und Ordnung,Produktgruppe 02.03,"Wahlen, Statistik und Schiedsamtswesen",Ord. Aufwendungen,Planung,2020,78600
Produktbereich 02,Sicherheit und Ordnung,Produktgruppe 02.04,Feuerwehr und Rettungsdienst,Ord. Erträge,Planung,2020,1641700
Produktbereich 02,Sicherheit und Ordnung,Produktgruppe 02.04,Feuerwehr und Rettungsdienst,Ord. Aufwendungen,Planung,2020,5825700
Produktbereich 03,Schulträgeraufgaben,Produktgruppe 03.01,Bereitstellung schulischer Einrichtungen und Leistungen,Ord. Erträge,Planung,2020,1254700
Produktbereich 03,Schulträgeraufgaben,Produktgruppe 03.01,Bereitstellung schulischer Einrichtungen und Leistungen,Ord. Aufwendungen,Planung,2020,5134600
Produktbereich 04,Kultur,Produktgruppe 04.01,Kulturelle Angebote und Einrichtungen,Ord. Erträge,Planung,2020,146300
Produktbereich 04,Kultur,Produktgruppe 04.01,Kulturelle Angebote und Einrichtungen,Ord. Aufwendungen,Planung,2020,961700
Produktbereich 04,Kultur,Produktgruppe 04.02,Musikschule,Ord. Erträge,Planung,2020,462200
Produktbereich 04,Kultur,Produktgruppe 04.02,Musikschule,Ord. Aufwendungen,Planung,2020,904000
Produktbereich 04,Kultur,Produktgruppe 04.03,Stadtbibliothek,Ord. Erträge,Planung,2020,33000
Produktbereich 04,Kultur,Produktgruppe 04.03,Stadtbibliothek,Ord. Aufwendungen,Planung,2020,533600
Produktbereich 05,Soziale Leistungen,Produktgruppe 05.01,Soziale Leistungen,Ord. Erträge,Planung,2020,2419200
Produktbereich 05,Soziale Leistungen,Produktgruppe 05.01,Soziale Leistungen,Ord. Aufwendungen,Planung,2020,4869300
Produktbereich 06,"Kinder-, Jugend-  und Familienhilfe",Produktgruppe 06.01,Förderung von Kindern in Tageseinrichtungen,Ord. Erträge,Planung,2020,8964000
Produktbereich 06,"Kinder-, Jugend-  und Familienhilfe",Produktgruppe 06.01,Förderung von Kindern in Tageseinrichtungen,Ord. Aufwendungen,Planung,2020,15914300
Produktbereich 06,"Kinder-, Jugend-  und Familienhilfe",Produktgruppe 06.02,Kinder- und Jugendarbeit,Ord. Erträge,Planung,2020,81500
Produktbereich 06,"Kinder-, Jugend-  und Familienhilfe",Produktgruppe 06.02,Kinder- und Jugendarbeit,Ord. Aufwendungen,Planung,2020,880000
Produktbereich 06,"Kinder-, Jugend-  und Familienhilfe",Produktgruppe 06.03,Hilfen für junge Menschen und ihre Familien,Ord. Erträge,Planung,2020,2520200
Produktbereich 06,"Kinder-, Jugend-  und Familienhilfe",Produktgruppe 06.03,Hilfen für junge Menschen und ihre Familien,Ord. Aufwendungen,Planung,2020,6952200
Produktbereich 07,Gesundheitsdienste,Produktgruppe 07.01,Krankenhäuser,Ord. Erträge,Planung,2020,7000
Produktbereich 07,Gesundheitsdienste,Produktgruppe 07.01,Krankenhäuser,Ord. Aufwendungen,Planung,2020,747000
Produktbereich 08,Sportförderung,Produktgruppe 08.01,Bereitstellung und Betrieb von Sportanlage,Ord. Erträge,Planung,2020,103000
Produktbereich 08,Sportförderung,Produktgruppe 08.01,Bereitstellung und Betrieb von Sportanlage,Ord. Aufwendungen,Planung,2020,351300
Produktbereich 08,Sportförderung,Produktgruppe 08.02,Sportförderung,Ord. Erträge,Planung,2020,23000
Produktbereich 08,Sportförderung,Produktgruppe 08.02,Sportförderung,Ord. Aufwendungen,Planung,2020,291600
Produktbereich 08,Sportförderung,Produktgruppe 08.03,Bereitstellung von Bädern,Ord. Erträge,Planung,2020,471000
Produktbereich 08,Sportförderung,Produktgruppe 08.03,Bereitstellung von Bädern,Ord. Aufwendungen,Planung,2020,424300
Produktbereich 09,"Räumliche Planung und Entwicklung, Geoinformationen",Produktgruppe 09.01,Stadtentwicklungsplanung,Ord. Erträge,Planung,2020,4000
Produktbereich 09,"Räumliche Planung und Entwicklung, Geoinformationen",Produktgruppe 09.01,Stadtentwicklungsplanung,Ord. Aufwendungen,Planung,2020,661400
Produktbereich 09,"Räumliche Planung und Entwicklung, Geoinformationen",Produktgruppe 09.02,"Vermessung, Geodatenmanagement",Ord. Erträge,Planung,2020,0
Produktbereich 09,"Räumliche Planung und Entwicklung, Geoinformationen",Produktgruppe 09.02,"Vermessung, Geodatenmanagement",Ord. Aufwendungen,Planung,2020,67600
Produktbereich 10,Bauen und Wohnen,Produktgruppe 10.01,Maßnahmen der Bauaufsicht,Ord. Erträge,Planung,2020,463100
Produktbereich 10,Bauen und Wohnen,Produktgruppe 10.01,Maßnahmen der Bauaufsicht,Ord. Aufwendungen,Planung,2020,466300
Produktbereich 10,Bauen und Wohnen,Produktgruppe 10.02,Denkmalschutz und Denkmalpflege,Ord. Erträge,Planung,2020,2000
Produktbereich 10,Bauen und Wohnen,Produktgruppe 10.02,Denkmalschutz und Denkmalpflege,Ord. Aufwendungen,Planung,2020,17000
Produktbereich 10,Bauen und Wohnen,Produktgruppe 10.03,Wohnungswesen,Ord. Erträge,Planung,2020,5500
Produktbereich 10,Bauen und Wohnen,Produktgruppe 10.03,Wohnungswesen,Ord. Aufwendungen,Planung,2020,149300
Produktbereich 11,Ver- und Entsorgung,Produktgruppe 11.01,Abfallwirtschaft,Ord. Erträge,Planung,2020,2880500
Produktbereich 11,Ver- und Entsorgung,Produktgruppe 11.01,Abfallwirtschaft,Ord. Aufwendungen,Planung,2020,2843800
Produktbereich 11,Ver- und Entsorgung,Produktgruppe 11.02,Abwasserwirtschaft,Ord. Erträge,Planung,2020,8685500
Produktbereich 11,Ver- und Entsorgung,Produktgruppe 11.02,Abwasserwirtschaft,Ord. Aufwendungen,Planung,2020,4617500
Produktbereich 12,"Verkehrsflächen und -anlagen, ÖPNV",Produktgruppe 12.01,Öffentliche Verkehrsflächen,Ord. Erträge,Planung,2020,2859100
Produktbereich 12,"Verkehrsflächen und -anlagen, ÖPNV",Produktgruppe 12.01,Öffentliche Verkehrsflächen,Ord. Aufwendungen,Planung,2020,7310600
Produktbereich 12,"Verkehrsflächen und -anlagen, ÖPNV",Produktgruppe 12.03,ÖPNV,Ord. Erträge,Planung,2020,10700
Produktbereich 12,"Verkehrsflächen und -anlagen, ÖPNV",Produktgruppe 12.03,ÖPNV,Ord. Aufwendungen,Planung,2020,178700
Produktbereich 12,"Verkehrsflächen und -anlagen, ÖPNV",Produktgruppe 12.04,Straßenreinigung,Ord. Erträge,Planung,2020,160000
Produktbereich 12,"Verkehrsflächen und -anlagen, ÖPNV",Produktgruppe 12.04,Straßenreinigung,Ord. Aufwendungen,Planung,2020,273800
Produktbereich 13,Natur- und Landschaftspflege,Produktgruppe 13.01,Öffentliches Grün,Ord. Erträge,Planung,2020,2600
Produktbereich 13,Natur- und Landschaftspflege,Produktgruppe 13.01,Öffentliches Grün,Ord. Aufwendungen,Planung,2020,578800
Produktbereich 13,Natur- und Landschaftspflege,Produktgruppe 13.02,Friedhöfe und Bestattungswesen,Ord. Erträge,Planung,2020,364200
Produktbereich 13,Natur- und Landschaftspflege,Produktgruppe 13.02,Friedhöfe und Bestattungswesen,Ord. Aufwendungen,Planung,2020,335900
Produktbereich 13,Natur- und Landschaftspflege,Produktgruppe 13.03,"Natur, Wald- und Landwirtschaft",Ord. Erträge,Planung,2020,1000
Produktbereich 13,Natur- und Landschaftspflege,Produktgruppe 13.03,"Natur, Wald- und Landwirtschaft",Ord. Aufwendungen,Planung,2020,11300
Produktbereich 13,Natur- und Landschaftspflege,Produktgruppe 13.04,Gewässer,Ord. Erträge,Planung,2020,444600
Produktbereich 13,Natur- und Landschaftspflege,Produktgruppe 13.04,Gewässer,Ord. Aufwendungen,Planung,2020,631200
Produktbereich 14,Umweltschutz,Produktgruppe 14.01,Umweltschutz und Altlasten,Ord. Erträge,Planung,2020,6000
Produktbereich 14,Umweltschutz,Produktgruppe 14.01,Umweltschutz und Altlasten,Ord. Aufwendungen,Planung,2020,50400
Produktbereich 15,Wirtschaft und Tourismus,Produktgruppe 15.01,Stadtmarketing und Tourismus,Ord. Erträge,Planung,2020,3500
Produktbereich 15,Wirtschaft und Tourismus,Produktgruppe 15.01,Stadtmarketing und Tourismus,Ord. Aufwendungen,Planung,2020,370400
Produktbereich 15,Wirtschaft und Tourismus,Produktgruppe 15.02,Wirtschaftsförderung,Ord. Erträge,Planung,2020,63500
Produktbereich 15,Wirtschaft und Tourismus,Produktgruppe 15.02,Wirtschaftsförderung,Ord. Aufwendungen,Planung,2020,192700
Produktbereich 16,Allgemeine Finanzwirtschaft,Produktgruppe 16.01,Allgemeine Finanzwirtschaft,Ord. Erträge,Planung,2020,61594300
Produktbereich 16,Allgemeine Finanzwirtschaft,Produktgruppe 16.01,Allgemeine Finanzwirtschaft,Ord. Aufwendungen,Planung,2020,15405000
Produktbereich 17,Stiftungen,Produktgruppe 17.01,Stiftungen,Ord. Erträge,Planung,2020,0
Produktbereich 17,Stiftungen,Produktgruppe 17.01,Stiftungen,Ord. Aufwendungen,Planung,2020,100
Produktbereich 01,Innere Verwaltung,Produktgruppe 01.01,Politische Gremien,Ord. Erträge,Planung,2021,0
Produktbereich 01,Innere Verwaltung,Produktgruppe 01.01,Politische Gremien,Ord. Aufwendungen,Planung,2021,411000
Produktbereich 01,Innere Verwaltung,Produktgruppe 01.02,Verwaltungsführung,Ord. Erträge,Planung,2021,100
Produktbereich 01,Innere Verwaltung,Produktgruppe 01.02,Verwaltungsführung,Ord. Aufwendungen,Planung,2021,1317200
Produktbereich 01,Innere Verwaltung,Produktgruppe 01.04,Zentrale Dienste und Organisation,Ord. Erträge,Planung,2021,3900
Produktbereich 01,Innere Verwaltung,Produktgruppe 01.04,Zentrale Dienste und Organisation,Ord. Aufwendungen,Planung,2021,895300
Produktbereich 01,Innere Verwaltung,Produktgruppe 01.05,Rechnungsprüfung,Ord. Erträge,Planung,2021,0
Produktbereich 01,Innere Verwaltung,Produktgruppe 01.05,Rechnungsprüfung,Ord. Aufwendungen,Planung,2021,331700
Produktbereich 01,Innere Verwaltung,Produktgruppe 01.06,Personalmanagement,Ord. Erträge,Planung,2021,0
Produktbereich 01,Innere Verwaltung,Produktgruppe 01.06,Personalmanagement,Ord. Aufwendungen,Planung,2021,2838200
Produktbereich 01,Innere Verwaltung,Produktgruppe 01.07,Beschäftigtenvertretung/Gleichstellung von Mann und Frau,Ord. Erträge,Planung,2021,0
Produktbereich 01,Innere Verwaltung,Produktgruppe 01.07,Beschäftigtenvertretung/Gleichstellung von Mann und Frau,Ord. Aufwendungen,Planung,2021,158900
Produktbereich 01,Innere Verwaltung,Produktgruppe 01.08,Finanzmanagement und Rechnungswesen,Ord. Erträge,Planung,2021,163100
Produktbereich 01,Innere Verwaltung,Produktgruppe 01.08,Finanzmanagement und Rechnungswesen,Ord. Aufwendungen,Planung,2021,938600
Produktbereich 01,Innere Verwaltung,Produktgruppe 01.09,Datenverarbeitung,Ord. Erträge,Planung,2021,73100
Produktbereich 01,Innere Verwaltung,Produktgruppe 01.09,Datenverarbeitung,Ord. Aufwendungen,Planung,2021,1047000
Produktbereich 01,Innere Verwaltung,Produktgruppe 01.10,Immobilienwirtschaft,Ord. Erträge,Planung,2021,2776700
Produktbereich 01,Innere Verwaltung,Produktgruppe 01.10,Immobilienwirtschaft,Ord. Aufwendungen,Planung,2021,8653700
Produktbereich 01,Innere Verwaltung,Produktgruppe 01.11,Baubetriebshof,Ord. Erträge,Planung,2021,23900
Produktbereich 01,Innere Verwaltung,Produktgruppe 01.11,Baubetriebshof,Ord. Aufwendungen,Planung,2021,3537100
Produktbereich 02,Sicherheit und Ordnung,Produktgruppe 02.01,Sicherheit und Ordnung,Ord. Erträge,Planung,2021,426500
Produktbereich 02,Sicherheit und Ordnung,Produktgruppe 02.01,Sicherheit und Ordnung,Ord. Aufwendungen,Planung,2021,550900
Produktbereich 02,Sicherheit und Ordnung,Produktgruppe 02.02,Bürgerservice,Ord. Erträge,Planung,2021,314600
Produktbereich 02,Sicherheit und Ordnung,Produktgruppe 02.02,Bürgerservice,Ord. Aufwendungen,Planung,2021,852400
Produktbereich 02,Sicherheit und Ordnung,Produktgruppe 02.03,"Wahlen, Statistik und Schiedsamtswesen",Ord. Erträge,Planung,2021,25000
Produktbereich 02,Sicherheit und Ordnung,Produktgruppe 02.03,"Wahlen, Statistik und Schiedsamtswesen",Ord. Aufwendungen,Planung,2021,55400
Produktbereich 02,Sicherheit und Ordnung,Produktgruppe 02.04,Feuerwehr und Rettungsdienst,Ord. Erträge,Planung,2021,1642600
Produktbereich 02,Sicherheit und Ordnung,Produktgruppe 02.04,Feuerwehr und Rettungsdienst,Ord. Aufwendungen,Planung,2021,4131000
Produktbereich 03,Schulträgeraufgaben,Produktgruppe 03.01,Bereitstellung schulischer Einrichtungen und Leistungen,Ord. Erträge,Planung,2021,1251600
Produktbereich 03,Schulträgeraufgaben,Produktgruppe 03.01,Bereitstellung schulischer Einrichtungen und Leistungen,Ord. Aufwendungen,Planung,2021,5204300
Produktbereich 04,Kultur,Produktgruppe 04.01,Kulturelle Angebote und Einrichtungen,Ord. Erträge,Planung,2021,150200
Produktbereich 04,Kultur,Produktgruppe 04.01,Kulturelle Angebote und Einrichtungen,Ord. Aufwendungen,Planung,2021,991500
Produktbereich 04,Kultur,Produktgruppe 04.02,Musikschule,Ord. Erträge,Planung,2021,462200
Produktbereich 04,Kultur,Produktgruppe 04.02,Musikschule,Ord. Aufwendungen,Planung,2021,928300
Produktbereich 04,Kultur,Produktgruppe 04.03,Stadtbibliothek,Ord. Erträge,Planung,2021,33000
Produktbereich 04,Kultur,Produktgruppe 04.03,Stadtbibliothek,Ord. Aufwendungen,Planung,2021,546500
Produktbereich 05,Soziale Leistungen,Produktgruppe 05.01,Soziale Leistungen,Ord. Erträge,Planung,2021,2423300
Produktbereich 05,Soziale Leistungen,Produktgruppe 05.01,Soziale Leistungen,Ord. Aufwendungen,Planung,2021,4980400
Produktbereich 06,"Kinder-, Jugend-  und Familienhilfe",Produktgruppe 06.01,Förderung von Kindern in Tageseinrichtungen,Ord. Erträge,Planung,2021,8979800
Produktbereich 06,"Kinder-, Jugend-  und Familienhilfe",Produktgruppe 06.01,Förderung von Kindern in Tageseinrichtungen,Ord. Aufwendungen,Planung,2021,16232100
Produktbereich 06,"Kinder-, Jugend-  und Familienhilfe",Produktgruppe 06.02,Kinder- und Jugendarbeit,Ord. Erträge,Planung,2021,81500
Produktbereich 06,"Kinder-, Jugend-  und Familienhilfe",Produktgruppe 06.02,Kinder- und Jugendarbeit,Ord. Aufwendungen,Planung,2021,889100
Produktbereich 06,"Kinder-, Jugend-  und Familienhilfe",Produktgruppe 06.03,Hilfen für junge Menschen und ihre Familien,Ord. Erträge,Planung,2021,2556800
Produktbereich 06,"Kinder-, Jugend-  und Familienhilfe",Produktgruppe 06.03,Hilfen für junge Menschen und ihre Familien,Ord. Aufwendungen,Planung,2021,7100500
Produktbereich 07,Gesundheitsdienste,Produktgruppe 07.01,Krankenhäuser,Ord. Erträge,Planung,2021,7000
Produktbereich 07,Gesundheitsdienste,Produktgruppe 07.01,Krankenhäuser,Ord. Aufwendungen,Planung,2021,747000
Produktbereich 08,Sportförderung,Produktgruppe 08.01,Bereitstellung und Betrieb von Sportanlage,Ord. Erträge,Planung,2021,103000
Produktbereich 08,Sportförderung,Produktgruppe 08.01,Bereitstellung und Betrieb von Sportanlage,Ord. Aufwendungen,Planung,2021,355300
Produktbereich 08,Sportförderung,Produktgruppe 08.02,Sportförderung,Ord. Erträge,Planung,2021,23000
Produktbereich 08,Sportförderung,Produktgruppe 08.02,Sportförderung,Ord. Aufwendungen,Planung,2021,297700
Produktbereich 08,Sportförderung,Produktgruppe 08.03,Bereitstellung von Bädern,Ord. Erträge,Planung,2021,478000
Produktbereich 08,Sportförderung,Produktgruppe 08.03,Bereitstellung von Bädern,Ord. Aufwendungen,Planung,2021,431200
Produktbereich 09,"Räumliche Planung und Entwicklung, Geoinformationen",Produktgruppe 09.01,Stadtentwicklungsplanung,Ord. Erträge,Planung,2021,4000
Produktbereich 09,"Räumliche Planung und Entwicklung, Geoinformationen",Produktgruppe 09.01,Stadtentwicklungsplanung,Ord. Aufwendungen,Planung,2021,674900
Produktbereich 09,"Räumliche Planung und Entwicklung, Geoinformationen",Produktgruppe 09.02,"Vermessung, Geodatenmanagement",Ord. Erträge,Planung,2021,0
Produktbereich 09,"Räumliche Planung und Entwicklung, Geoinformationen",Produktgruppe 09.02,"Vermessung, Geodatenmanagement",Ord. Aufwendungen,Planung,2021,69400
Produktbereich 10,Bauen und Wohnen,Produktgruppe 10.01,Maßnahmen der Bauaufsicht,Ord. Erträge,Planung,2021,467700
Produktbereich 10,Bauen und Wohnen,Produktgruppe 10.01,Maßnahmen der Bauaufsicht,Ord. Aufwendungen,Planung,2021,479300
Produktbereich 10,Bauen und Wohnen,Produktgruppe 10.02,Denkmalschutz und Denkmalpflege,Ord. Erträge,Planung,2021,2000
Produktbereich 10,Bauen und Wohnen,Produktgruppe 10.02,Denkmalschutz und Denkmalpflege,Ord. Aufwendungen,Planung,2021,17300
Produktbereich 10,Bauen und Wohnen,Produktgruppe 10.03,Wohnungswesen,Ord. Erträge,Planung,2021,5600
Produktbereich 10,Bauen und Wohnen,Produktgruppe 10.03,Wohnungswesen,Ord. Aufwendungen,Planung,2021,153800
Produktbereich 11,Ver- und Entsorgung,Produktgruppe 11.01,Abfallwirtschaft,Ord. Erträge,Planung,2021,2907100
Produktbereich 11,Ver- und Entsorgung,Produktgruppe 11.01,Abfallwirtschaft,Ord. Aufwendungen,Planung,2021,2873400
Produktbereich 11,Ver- und Entsorgung,Produktgruppe 11.02,Abwasserwirtschaft,Ord. Erträge,Planung,2021,8762100
Produktbereich 11,Ver- und Entsorgung,Produktgruppe 11.02,Abwasserwirtschaft,Ord. Aufwendungen,Planung,2021,4665900
Produktbereich 12,"Verkehrsflächen und -anlagen, ÖPNV",Produktgruppe 12.01,Öffentliche Verkehrsflächen,Ord. Erträge,Planung,2021,2879200
Produktbereich 12,"Verkehrsflächen und -anlagen, ÖPNV",Produktgruppe 12.01,Öffentliche Verkehrsflächen,Ord. Aufwendungen,Planung,2021,7413300
Produktbereich 12,"Verkehrsflächen und -anlagen, ÖPNV",Produktgruppe 12.03,ÖPNV,Ord. Erträge,Planung,2021,10700
Produktbereich 12,"Verkehrsflächen und -anlagen, ÖPNV",Produktgruppe 12.03,ÖPNV,Ord. Aufwendungen,Planung,2021,180200
Produktbereich 12,"Verkehrsflächen und -anlagen, ÖPNV",Produktgruppe 12.04,Straßenreinigung,Ord. Erträge,Planung,2021,165000
Produktbereich 12,"Verkehrsflächen und -anlagen, ÖPNV",Produktgruppe 12.04,Straßenreinigung,Ord. Aufwendungen,Planung,2021,285000
Produktbereich 13,Natur- und Landschaftspflege,Produktgruppe 13.01,Öffentliches Grün,Ord. Erträge,Planung,2021,2600
Produktbereich 13,Natur- und Landschaftspflege,Produktgruppe 13.01,Öffentliches Grün,Ord. Aufwendungen,Planung,2021,584800
Produktbereich 13,Natur- und Landschaftspflege,Produktgruppe 13.02,Friedhöfe und Bestattungswesen,Ord. Erträge,Planung,2021,368700
Produktbereich 13,Natur- und Landschaftspflege,Produktgruppe 13.02,Friedhöfe und Bestattungswesen,Ord. Aufwendungen,Planung,2021,341000
Produktbereich 13,Natur- und Landschaftspflege,Produktgruppe 13.03,"Natur, Wald- und Landwirtschaft",Ord. Erträge,Planung,2021,1000
Produktbereich 13,Natur- und Landschaftspflege,Produktgruppe 13.03,"Natur, Wald- und Landwirtschaft",Ord. Aufwendungen,Planung,2021,11400
Produktbereich 13,Natur- und Landschaftspflege,Produktgruppe 13.04,Gewässer,Ord. Erträge,Planung,2021,444600
Produktbereich 13,Natur- und Landschaftspflege,Produktgruppe 13.04,Gewässer,Ord. Aufwendungen,Planung,2021,639800
Produktbereich 14,Umweltschutz,Produktgruppe 14.01,Umweltschutz und Altlasten,Ord. Erträge,Planung,2021,6000
Produktbereich 14,Umweltschutz,Produktgruppe 14.01,Umweltschutz und Altlasten,Ord. Aufwendungen,Planung,2021,51700
Produktbereich 15,Wirtschaft und Tourismus,Produktgruppe 15.01,Stadtmarketing und Tourismus,Ord. Erträge,Planung,2021,3500
Produktbereich 15,Wirtschaft und Tourismus,Produktgruppe 15.01,Stadtmarketing und Tourismus,Ord. Aufwendungen,Planung,2021,372100
Produktbereich 15,Wirtschaft und Tourismus,Produktgruppe 15.02,Wirtschaftsförderung,Ord. Erträge,Planung,2021,63500
Produktbereich 15,Wirtschaft und Tourismus,Produktgruppe 15.02,Wirtschaftsförderung,Ord. Aufwendungen,Planung,2021,196700
Produktbereich 16,Allgemeine Finanzwirtschaft,Produktgruppe 16.01,Allgemeine Finanzwirtschaft,Ord. Erträge,Planung,2021,62244300
Produktbereich 16,Allgemeine Finanzwirtschaft,Produktgruppe 16.01,Allgemeine Finanzwirtschaft,Ord. Aufwendungen,Planung,2021,15405000
Produktbereich 17,Stiftungen,Produktgruppe 17.01,Stiftungen,Ord. Erträge,Planung,2021,0
Produktbereich 17,Stiftungen,Produktgruppe 17.01,Stiftungen,Ord. Aufwendungen,Planung,2021,100
