Identifikation;Fachbereich;Produkt;Konto;Haushaltsjahr;Budgetrichtung;Ansatz
1;Zentrale Verwaltung;Verwaltungssteuerung;vom öffentlichen Bereich - von Gemeinden und Gemeindeverbänden;2018;Ertrag;168
2;Zentrale Verwaltung;Verwaltungssteuerung;Kostenerstattungen - an den öffentlichen Bereich - an Gemeinden und Gemeindeverbände;2018;Aufwand;145
3;Zentrale Verwaltung;Verwaltungssteuerung;Büromaterial;2018;Aufwand;75
4;Zentrale Verwaltung;Verwaltungssteuerung;Sonstiges;2018;Aufwand;200
5;Zentrale Verwaltung;Verwaltungssteuerung;Versicherungsbeiträge, Umlagen an Schadensausgleichskassen;2018;Aufwand;580
6;Zentrale Verwaltung;Verwaltungssteuerung;Beiträge zu Wirtschaftsverbänden, Berufsvertretungen und Vereinen;2018;Aufwand;60
7;Zentrale Verwaltung;Verwaltungssteuerung;Repräsentationen;2018;Aufwand;300
8;Zentrale Verwaltung;Ortsbürgermeister(in) und Beigeordnete;Aufwendungen für ehrenamtlich Tätige - Bürgermeister einschl. Vertretung;2018;Aufwand;5875
9;Zentrale Verwaltung;Ortsbürgermeister(in) und Beigeordnete;Beiträge zur gesetzlichen Sozialversicherung - Beamte;2018;Aufwand;490
10;Zentrale Verwaltung;Ortsbürgermeister(in) und Beigeordnete;Geschäftsaufwendungen - Fachliteratur, Zeitschriften;2018;Aufwand;50
11;Zentrale Verwaltung;Ortsbürgermeister(in) und Beigeordnete;Verfügungsmittel;2018;Aufwand;150
12;Zentrale Verwaltung;Öffentlichkeitsarbeit;Öffentliche Bekanntmachungen;2018;Aufwand;50
13;Zentrale Verwaltung;Personal;Sonstiges;2018;Aufwand;200
14;Zentrale Verwaltung;Personal;Versicherungsbeiträge, Umlagen an Schadensausgleichskassen;2018;Aufwand;134
15;Zentrale Verwaltung;Zentrales Grundstücks- und Gebäudemanagement (soweit keinem anderen Produkt zuzuordnen);Mieten und Pachten einschl. Nebenkosten;2018;Ertrag;797
16;Zentrale Verwaltung;Zentrales Grundstücks- und Gebäudemanagement (soweit keinem anderen Produkt zuzuordnen);Unterhaltung der Grundstücke, Außenanlagen, Gebäude und Gebäudeeinrichtungen;2018;Aufwand;50
17;Zentrale Verwaltung;Zentrales Grundstücks- und Gebäudemanagement (soweit keinem anderen Produkt zuzuordnen);Versicherungsbeiträge, Umlagen an Schadensausgleichskassen;2018;Aufwand;8
18;Zentrale Verwaltung;Zentrales Grundstücks- und Gebäudemanagement (soweit keinem anderen Produkt zuzuordnen);Sonstige Steueraufwendungen;2018;Aufwand;80
19;Schulen und Kultur;Heimat- und sonstige Kulturpflege;Erträge aus Verkäufen von Vorräten;2018;Ertrag;1250
20;Schulen und Kultur;Heimat- und sonstige Kulturpflege;Weitere Verwaltungs- und Betriebsaufwendungen - Verbrauchsmittel allgemein, Kosten für Veranstaltungen;2018;Aufwand;750
21;Schulen und Kultur;Heimat- und sonstige Kulturpflege;Versicherungsbeiträge, Umlagen an Schadensausgleichskassen;2018;Aufwand;119
22;Schulen und Kultur;Heimat- und sonstige Kulturpflege;Beiträge zu Wirtschaftsverbänden, Berufsvertretungen und Vereinen;2018;Aufwand;30
23;Soziales und Jugend;Förderung anderer Träger;Kostenerstattungen - an den öffentlichen Bereich - an Gemeinden und Gemeindeverbände;2018;Aufwand;3750
24;Soziales und Jugend;Förderung anderer Träger;Kostenerstattungen - an Sonstige;2018;Aufwand;800
25;Soziales und Jugend;Förderung anderer Träger;Abschreibungen;2018;Aufwand;487
26;Soziales und Jugend;Förderung anderer Träger;Zuweisungen und Zuschüsse für laufende Zwecke - an Sonstige;2018;Aufwand;1250
27;Soziales und Jugend;Kinderspielplätze, Bolzplätze;Auflösung von Sonderposten aus Zuwendungen;2018;Ertrag;991
28;Soziales und Jugend;Kinderspielplätze, Bolzplätze;Dienstbezüge und dergleichen - Arbeitnehmer - Vergütungen über Rapportzettel;2018;Aufwand;100
29;Soziales und Jugend;Kinderspielplätze, Bolzplätze;Unterhaltung der Grundstücke, Außenanlagen, Gebäude und Gebäudeeinrichtungen;2018;Aufwand;200
30;Soziales und Jugend;Kinderspielplätze, Bolzplätze;Bewirtschaftung der Grundstücke, Außenanlagen, Gebäude und Gebäudeeinrichtungen;2018;Aufwand;200
31;Soziales und Jugend;Kinderspielplätze, Bolzplätze;Unterhaltung der Betriebs- und Geschäftsausstattung;2018;Aufwand;250
32;Soziales und Jugend;Kinderspielplätze, Bolzplätze;Geringwertige Geräte, Ausstattungs-, Ausrüstungs- und sonstige Gebrauchsgegenstände;2018;Aufwand;50
33;Soziales und Jugend;Kinderspielplätze, Bolzplätze;Sonstige Aufwendungen für Sach- und Dienstleistungen;2018;Aufwand;80
34;Soziales und Jugend;Kinderspielplätze, Bolzplätze;Abschreibungen;2018;Aufwand;116
35;Soziales und Jugend;Kinderspielplätze, Bolzplätze;Abschreibungen;2018;Aufwand;884
36;Soziales und Jugend;Jugendräume, Jugendhäuser;Geringwertige Geräte, Ausstattungs-, Ausrüstungs- und sonstige Gebrauchsgegenstände;2018;Aufwand;50
37;Gestaltung der Umwelt;Dorferneuerung, Städtebauförderung;Auflösung von Sonderposten aus Zuwendungen;2018;Ertrag;1380
38;Gestaltung der Umwelt;Dorferneuerung, Städtebauförderung;Abschreibungen;2018;Aufwand;1812
39;Gestaltung der Umwelt;Dorferneuerung, Städtebauförderung;Abschreibungen;2018;Aufwand;133
40;Gestaltung der Umwelt;Bodenordnung und Liegenschaftskataster;Vermessungs- (Abmarkungs-) gebühren;2018;Ertrag;100
41;Gestaltung der Umwelt;Bodenordnung und Liegenschaftskataster;Aufwendungen für ehrenamtlich Tätige - Sonstige (u.a. ehrenamtlich Tätige der Feuerwehr);2018;Aufwand;100
42;Gestaltung der Umwelt;Gemeindestraßen;Auflösung von Sonderposten aus Zuwendungen;2018;Ertrag;5010
43;Gestaltung der Umwelt;Gemeindestraßen;Dienstbezüge und dergleichen - Arbeitnehmer - Vergütungen über Rapportzettel;2018;Aufwand;150
44;Gestaltung der Umwelt;Gemeindestraßen;Aufwendungen für Wasser/Abwasser;2018;Aufwand;6160
45;Gestaltung der Umwelt;Gemeindestraßen;Bewirtschaftung der Grundstücke, Außenanlagen, Gebäude und Gebäudeeinrichtungen;2018;Aufwand;200
46;Gestaltung der Umwelt;Gemeindestraßen;Unterhaltung des Infrastrukturvermögens;2018;Aufwand;300
47;Gestaltung der Umwelt;Gemeindestraßen;Geringwertige Geräte, Ausstattungs-, Ausrüstungs- und sonstige Gebrauchsgegenstände;2018;Aufwand;100
48;Gestaltung der Umwelt;Gemeindestraßen;Abschreibungen;2018;Aufwand;1169
49;Gestaltung der Umwelt;Gemeindestraßen;Abschreibungen;2018;Aufwand;154
50;Gestaltung der Umwelt;Gemeindestraßen;Abschreibungen;2018;Aufwand;4497
51;Gestaltung der Umwelt;Gemeindestraßen;Abschreibungen;2018;Aufwand;610
52;Gestaltung der Umwelt;Straßenbeleuchtung;Auflösung von Sonderposten aus Zuwendungen;2018;Ertrag;200
53;Gestaltung der Umwelt;Straßenbeleuchtung;Aufwendungen für Strom;2018;Aufwand;1550
54;Gestaltung der Umwelt;Straßenbeleuchtung;sonstige Aufwendungen für Dienstleistungen;2018;Aufwand;800
55;Gestaltung der Umwelt;Straßenbeleuchtung;Abschreibungen;2018;Aufwand;84
56;Gestaltung der Umwelt;Straßenbeleuchtung;Abschreibungen;2018;Aufwand;678
57;Gestaltung der Umwelt;Konzessionsabgaben;Konzessionsabgaben;2018;Ertrag;4250
58;Gestaltung der Umwelt;Öffentliche Grünflächen und Parkanlagen;Auflösung von Sonderposten aus Zuwendungen;2018;Ertrag;100
59;Gestaltung der Umwelt;Öffentliche Grünflächen und Parkanlagen;Dienstbezüge und dergleichen - Arbeitnehmer - Vergütungen über Rapportzettel;2018;Aufwand;200
60;Gestaltung der Umwelt;Öffentliche Grünflächen und Parkanlagen;Aufwendungen für Strom;2018;Aufwand;360
61;Gestaltung der Umwelt;Öffentliche Grünflächen und Parkanlagen;Unterhaltung der Grundstücke, Außenanlagen, Gebäude und Gebäudeeinrichtungen;2018;Aufwand;100
62;Gestaltung der Umwelt;Öffentliche Grünflächen und Parkanlagen;Bewirtschaftung der Grundstücke, Außenanlagen, Gebäude und Gebäudeeinrichtungen;2018;Aufwand;150
63;Gestaltung der Umwelt;Öffentliche Grünflächen und Parkanlagen;Unterhaltung der Betriebs- und Geschäftsausstattung;2018;Aufwand;100
64;Gestaltung der Umwelt;Öffentliche Grünflächen und Parkanlagen;Geringwertige Geräte, Ausstattungs-, Ausrüstungs- und sonstige Gebrauchsgegenstände;2018;Aufwand;150
65;Gestaltung der Umwelt;Öffentliche Grünflächen und Parkanlagen;Weitere Verwaltungs- und Betriebsaufwendungen - Verbrauchsmittel allgemein, Kosten für Veranstaltungen;2018;Aufwand;150
66;Gestaltung der Umwelt;Öffentliche Grünflächen und Parkanlagen;Abschreibungen;2018;Aufwand;100
67;Gestaltung der Umwelt;Öffentliche Grünflächen und Parkanlagen;Sonstige Steueraufwendungen;2018;Aufwand;70
68;Gestaltung der Umwelt;Friedhofswesen (Friedhofsanlagen);Auflösung von Sonderposten aus Zuwendungen;2018;Ertrag;1263
69;Gestaltung der Umwelt;Friedhofswesen (Friedhofsanlagen);Gebühr Leichenhalle;2018;Ertrag;120
70;Gestaltung der Umwelt;Friedhofswesen (Friedhofsanlagen);Grabaushub;2018;Ertrag;1350
71;Gestaltung der Umwelt;Friedhofswesen (Friedhofsanlagen);vom privaten Bereich;2018;Ertrag;120
72;Gestaltung der Umwelt;Friedhofswesen (Friedhofsanlagen);Dienstbezüge und dergleichen - Arbeitnehmer - Vergütungen über Rapportzettel;2018;Aufwand;100
73;Gestaltung der Umwelt;Friedhofswesen (Friedhofsanlagen);Aufwendungen für Strom;2018;Aufwand;60
74;Gestaltung der Umwelt;Friedhofswesen (Friedhofsanlagen);Aufwendungen für Wasser/Abwasser;2018;Aufwand;225
75;Gestaltung der Umwelt;Friedhofswesen (Friedhofsanlagen);Aufwendungen für Abfall;2018;Aufwand;155
76;Gestaltung der Umwelt;Friedhofswesen (Friedhofsanlagen);Unterhaltung der Grundstücke, Außenanlagen, Gebäude und Gebäudeeinrichtungen;2018;Aufwand;300
77;Gestaltung der Umwelt;Friedhofswesen (Friedhofsanlagen);Bewirtschaftung der Grundstücke, Außenanlagen, Gebäude und Gebäudeeinrichtungen;2018;Aufwand;50
78;Gestaltung der Umwelt;Friedhofswesen (Friedhofsanlagen);Unterhaltung der Betriebs- und Geschäftsausstattung;2018;Aufwand;150
79;Gestaltung der Umwelt;Friedhofswesen (Friedhofsanlagen);Geringwertige Geräte, Ausstattungs-, Ausrüstungs- und sonstige Gebrauchsgegenstände;2018;Aufwand;100
80;Gestaltung der Umwelt;Friedhofswesen (Friedhofsanlagen);Weitere Verwaltungs- und Betriebsaufwendungen - Grabaushub durch Fremdfirmen;2018;Aufwand;1350
81;Gestaltung der Umwelt;Friedhofswesen (Friedhofsanlagen);Sonstige Aufwendungen für Sach- und Dienstleistungen;2018;Aufwand;60
82;Gestaltung der Umwelt;Friedhofswesen (Friedhofsanlagen);Abschreibungen;2018;Aufwand;2044
83;Gestaltung der Umwelt;Friedhofswesen (Friedhofsanlagen);Abschreibungen;2018;Aufwand;100
84;Gestaltung der Umwelt;Friedhofswesen (Friedhofsanlagen);Sonstiges;2018;Aufwand;75
85;Gestaltung der Umwelt;Friedhofswesen (Friedhofsanlagen);Versicherungsbeiträge, Umlagen an Schadensausgleichskassen;2018;Aufwand;80
86;Gestaltung der Umwelt;Feldwege, Landwirtschaftswege, Wirtschaftswege;Auflösung von Sonderposten aus Zuwendungen;2018;Ertrag;10484
87;Gestaltung der Umwelt;Feldwege, Landwirtschaftswege, Wirtschaftswege;Wegebaubeiträge;2018;Ertrag;1675
88;Gestaltung der Umwelt;Feldwege, Landwirtschaftswege, Wirtschaftswege;Jagdpacht;2018;Ertrag;600
89;Gestaltung der Umwelt;Feldwege, Landwirtschaftswege, Wirtschaftswege;Dienstbezüge und dergleichen - Arbeitnehmer - Vergütungen über Rapportzettel;2018;Aufwand;100
90;Gestaltung der Umwelt;Feldwege, Landwirtschaftswege, Wirtschaftswege;Bewirtschaftung der Grundstücke, Außenanlagen, Gebäude und Gebäudeeinrichtungen;2018;Aufwand;50
91;Gestaltung der Umwelt;Feldwege, Landwirtschaftswege, Wirtschaftswege;Unterhaltung des Infrastrukturvermögens;2018;Aufwand;1788
92;Gestaltung der Umwelt;Feldwege, Landwirtschaftswege, Wirtschaftswege;Unterhaltung der Betriebs- und Geschäftsausstattung;2018;Aufwand;100
93;Gestaltung der Umwelt;Feldwege, Landwirtschaftswege, Wirtschaftswege;Geringwertige Geräte, Ausstattungs-, Ausrüstungs- und sonstige Gebrauchsgegenstände;2018;Aufwand;70
94;Gestaltung der Umwelt;Feldwege, Landwirtschaftswege, Wirtschaftswege;Kostenerstattungen - an den öffentlichen Bereich - an Gemeinden und Gemeindeverbände;2018;Aufwand;168
95;Gestaltung der Umwelt;Feldwege, Landwirtschaftswege, Wirtschaftswege;Abschreibungen;2018;Aufwand;10383
96;Gestaltung der Umwelt;Feldwege, Landwirtschaftswege, Wirtschaftswege;Abschreibungen;2018;Aufwand;100
97;Gestaltung der Umwelt;Dorfgemeinschaftshäuser;Auflösung von Sonderposten aus Zuwendungen;2018;Ertrag;6235
98;Gestaltung der Umwelt;Dorfgemeinschaftshäuser;Entgelte für die Benutzung von öffentlichen Einrichtungen und für wirtschaftliche Dienstleistungen;2018;Ertrag;1400
99;Gestaltung der Umwelt;Dorfgemeinschaftshäuser;Erträge aus Verkäufen von Vorräten;2018;Ertrag;10500
100;Gestaltung der Umwelt;Dorfgemeinschaftshäuser;Mieten und Pachten einschl. Nebenkosten;2018;Ertrag;1240
101;Gestaltung der Umwelt;Dorfgemeinschaftshäuser;vom öffentlichen Bereich - von Gemeinden und Gemeindeverbänden;2018;Ertrag;100
102;Gestaltung der Umwelt;Dorfgemeinschaftshäuser;Dienstbezüge und dergleichen - Arbeitnehmer - Vergütungen über Rapportzettel;2018;Aufwand;4150
103;Gestaltung der Umwelt;Dorfgemeinschaftshäuser;Aufwendungen für Wareneinkauf;2018;Aufwand;7500
104;Gestaltung der Umwelt;Dorfgemeinschaftshäuser;Laufende Aufwendungen für Heizung;2018;Aufwand;4200
105;Gestaltung der Umwelt;Dorfgemeinschaftshäuser;Aufwendungen für Strom;2018;Aufwand;2000
106;Gestaltung der Umwelt;Dorfgemeinschaftshäuser;Aufwendungen für Wasser/Abwasser;2018;Aufwand;800
107;Gestaltung der Umwelt;Dorfgemeinschaftshäuser;Aufwendungen für Abfall;2018;Aufwand;195
108;Gestaltung der Umwelt;Dorfgemeinschaftshäuser;Unterhaltung der Grundstücke, Außenanlagen, Gebäude und Gebäudeeinrichtungen;2018;Aufwand;400
109;Gestaltung der Umwelt;Dorfgemeinschaftshäuser;Bewirtschaftung der Grundstücke, Außenanlagen, Gebäude und Gebäudeeinrichtungen;2018;Aufwand;250
110;Gestaltung der Umwelt;Dorfgemeinschaftshäuser;Unterhaltung der Betriebs- und Geschäftsausstattung;2018;Aufwand;200
111;Gestaltung der Umwelt;Dorfgemeinschaftshäuser;Geringwertige Geräte, Ausstattungs-, Ausrüstungs- und sonstige Gebrauchsgegenstände;2018;Aufwand;400
112;Gestaltung der Umwelt;Dorfgemeinschaftshäuser;Weitere Verwaltungs- und Betriebsaufwendungen - Sonstige Verbrauchsmittel;2018;Aufwand;50
113;Gestaltung der Umwelt;Dorfgemeinschaftshäuser;Abschreibungen;2018;Aufwand;12320
114;Gestaltung der Umwelt;Dorfgemeinschaftshäuser;Abschreibungen;2018;Aufwand;898
115;Gestaltung der Umwelt;Dorfgemeinschaftshäuser;Telefon, Datenübertragungskosten;2018;Aufwand;300
116;Gestaltung der Umwelt;Dorfgemeinschaftshäuser;Versicherungsbeiträge, Umlagen an Schadensausgleichskassen;2018;Aufwand;575
117;Gestaltung der Umwelt;Dorfgemeinschaftshäuser;Sonstige Steueraufwendungen;2018;Aufwand;210
118;Gestaltung der Umwelt;Grillhütten und Freizeitanlagen;Aufwendungen für Strom;2018;Aufwand;340
119;Gestaltung der Umwelt;Grillhütten und Freizeitanlagen;Aufwendungen für Wasser/Abwasser;2018;Aufwand;250
120;Gestaltung der Umwelt;Grillhütten und Freizeitanlagen;Unterhaltung der Grundstücke, Außenanlagen, Gebäude und Gebäudeeinrichtungen;2018;Aufwand;200
121;Gestaltung der Umwelt;Grillhütten und Freizeitanlagen;Unterhaltung der Betriebs- und Geschäftsausstattung;2018;Aufwand;50
122;Gestaltung der Umwelt;Tourismusförderung;Öffentlichkeitsarbeit;2018;Aufwand;60
123;Gestaltung der Umwelt;Tourismusförderung;Beiträge zu Wirtschaftsverbänden, Berufsvertretungen und Vereinen;2018;Aufwand;50
124;Zentrale Finanzdienstleistungen;Steuern, allgemeine Zuweisungen, allgemeine Umlagen;Grundsteuer A;2018;Ertrag;2875
125;Zentrale Finanzdienstleistungen;Steuern, allgemeine Zuweisungen, allgemeine Umlagen;Grundsteuer B;2018;Ertrag;9725
126;Zentrale Finanzdienstleistungen;Steuern, allgemeine Zuweisungen, allgemeine Umlagen;Gewerbesteuer;2018;Ertrag;5350
127;Zentrale Finanzdienstleistungen;Steuern, allgemeine Zuweisungen, allgemeine Umlagen;Gemeindeanteil an der Einkommensteuer;2018;Ertrag;62500
128;Zentrale Finanzdienstleistungen;Steuern, allgemeine Zuweisungen, allgemeine Umlagen;Gemeindeanteil an der Umsatzsteuer;2018;Ertrag;625
129;Zentrale Finanzdienstleistungen;Steuern, allgemeine Zuweisungen, allgemeine Umlagen;Hundesteuer;2018;Ertrag;1150
130;Zentrale Finanzdienstleistungen;Steuern, allgemeine Zuweisungen, allgemeine Umlagen;vom Land - Familienleistungsausgleich;2018;Ertrag;6000
131;Zentrale Finanzdienstleistungen;Steuern, allgemeine Zuweisungen, allgemeine Umlagen;Schlüsselzuweisungen vom Land;2018;Ertrag;36130
132;Zentrale Finanzdienstleistungen;Steuern, allgemeine Zuweisungen, allgemeine Umlagen;vom Land - Kommunaler Entschuldungsfonds;2018;Ertrag;4203
133;Zentrale Finanzdienstleistungen;Steuern, allgemeine Zuweisungen, allgemeine Umlagen;Sonstige;2018;Ertrag;2700
134;Zentrale Finanzdienstleistungen;Steuern, allgemeine Zuweisungen, allgemeine Umlagen;Gewerbesteuerumlage;2018;Aufwand;1015
135;Zentrale Finanzdienstleistungen;Steuern, allgemeine Zuweisungen, allgemeine Umlagen;"Allgemeine Umlagen an das Land - Umlage zur Finanzierung des Fonds ""Deutsche Einheit""";2018;Aufwand;745
136;Zentrale Finanzdienstleistungen;Steuern, allgemeine Zuweisungen, allgemeine Umlagen;Kreisumlage;2018;Aufwand;52482
137;Zentrale Finanzdienstleistungen;Steuern, allgemeine Zuweisungen, allgemeine Umlagen;Verbandsgemeindeumlage;2018;Aufwand;58608
138;Zentrale Finanzdienstleistungen;Sonstige allgemeine Finanzwirtschaft;Vollverzinsung aus Gewerbesteuer (§ 233a AO);2018;Ertrag;50
139;Zentrale Finanzdienstleistungen;Sonstige allgemeine Finanzwirtschaft;Sonstige;2018;Ertrag;17
140;Zentrale Finanzdienstleistungen;Sonstige allgemeine Finanzwirtschaft;Zinsaufwendungen Liquiditätskredite - an die Verbandsgemeinde;2018;Aufwand;1370
141;Zentrale Finanzdienstleistungen;Sonstige allgemeine Finanzwirtschaft;Zinsaufwendungen Investitionskredite - an Sparkassen;2018;Aufwand;1461
142;Zentrale Finanzdienstleistungen;Sonstige allgemeine Finanzwirtschaft;Vollverzinsung aus Gewerbesteuer (§ 233a AO);2018;Aufwand;50
143;Zentrale Verwaltung;Verwaltungssteuerung;vom öffentlichen Bereich - von Gemeinden und Gemeindeverbänden;2017;Ertrag;166
144;Zentrale Verwaltung;Verwaltungssteuerung;Dienstbezüge und dergleichen - Arbeitnehmer - Vergütungen über Rapportzettel;2017;Aufwand;50
145;Zentrale Verwaltung;Verwaltungssteuerung;Kostenerstattungen - an den öffentlichen Bereich - an Gemeinden und Gemeindeverbände;2017;Aufwand;145
146;Zentrale Verwaltung;Verwaltungssteuerung;Büromaterial;2017;Aufwand;75
147;Zentrale Verwaltung;Verwaltungssteuerung;Sonstiges;2017;Aufwand;200
148;Zentrale Verwaltung;Verwaltungssteuerung;Versicherungsbeiträge, Umlagen an Schadensausgleichskassen;2017;Aufwand;570
149;Zentrale Verwaltung;Verwaltungssteuerung;Beiträge zu Wirtschaftsverbänden, Berufsvertretungen und Vereinen;2017;Aufwand;60
150;Zentrale Verwaltung;Verwaltungssteuerung;Repräsentationen;2017;Aufwand;300
151;Zentrale Verwaltung;Ortsbürgermeister(in) und Beigeordnete;Aufwendungen für ehrenamtlich Tätige - Bürgermeister einschl. Vertretung;2017;Aufwand;6450
152;Zentrale Verwaltung;Ortsbürgermeister(in) und Beigeordnete;Beiträge zur gesetzlichen Sozialversicherung - Beamte;2017;Aufwand;565
153;Zentrale Verwaltung;Ortsbürgermeister(in) und Beigeordnete;Geschäftsaufwendungen - Fachliteratur, Zeitschriften;2017;Aufwand;85
154;Zentrale Verwaltung;Ortsbürgermeister(in) und Beigeordnete;Verfügungsmittel;2017;Aufwand;150
155;Zentrale Verwaltung;Öffentlichkeitsarbeit;Öffentliche Bekanntmachungen;2017;Aufwand;50
156;Zentrale Verwaltung;Personal;Sonstiges;2017;Aufwand;300
157;Zentrale Verwaltung;Personal;Versicherungsbeiträge, Umlagen an Schadensausgleichskassen;2017;Aufwand;85
158;Zentrale Verwaltung;Zentrales Grundstücks- und Gebäudemanagement (soweit keinem anderen Produkt zuzuordnen);Mieten und Pachten einschl. Nebenkosten;2017;Ertrag;797
159;Zentrale Verwaltung;Zentrales Grundstücks- und Gebäudemanagement (soweit keinem anderen Produkt zuzuordnen);Unterhaltung der Grundstücke, Außenanlagen, Gebäude und Gebäudeeinrichtungen;2017;Aufwand;1100
160;Zentrale Verwaltung;Zentrales Grundstücks- und Gebäudemanagement (soweit keinem anderen Produkt zuzuordnen);Versicherungsbeiträge, Umlagen an Schadensausgleichskassen;2017;Aufwand;7
161;Zentrale Verwaltung;Zentrales Grundstücks- und Gebäudemanagement (soweit keinem anderen Produkt zuzuordnen);Sonstige Steueraufwendungen;2017;Aufwand;80
162;Schulen und Kultur;Heimat- und sonstige Kulturpflege;Erträge aus Verkäufen von Vorräten;2017;Ertrag;1250
163;Schulen und Kultur;Heimat- und sonstige Kulturpflege;Weitere Verwaltungs- und Betriebsaufwendungen - Verbrauchsmittel allgemein, Kosten für Veranstaltungen;2017;Aufwand;750
164;Schulen und Kultur;Heimat- und sonstige Kulturpflege;Versicherungsbeiträge, Umlagen an Schadensausgleichskassen;2017;Aufwand;119
165;Schulen und Kultur;Heimat- und sonstige Kulturpflege;Beiträge zu Wirtschaftsverbänden, Berufsvertretungen und Vereinen;2017;Aufwand;30
166;Soziales und Jugend;Förderung anderer Träger;Kostenerstattungen - an den öffentlichen Bereich - an Gemeinden und Gemeindeverbände;2017;Aufwand;3500
167;Soziales und Jugend;Förderung anderer Träger;Kostenerstattungen - an Sonstige;2017;Aufwand;800
168;Soziales und Jugend;Förderung anderer Träger;Abschreibungen;2017;Aufwand;487
169;Soziales und Jugend;Förderung anderer Träger;Zuweisungen und Zuschüsse für laufende Zwecke - an Sonstige;2017;Aufwand;2050
170;Soziales und Jugend;Kinderspielplätze, Bolzplätze;Auflösung von Sonderposten aus Zuwendungen;2017;Ertrag;991
171;Soziales und Jugend;Kinderspielplätze, Bolzplätze;Dienstbezüge und dergleichen - Arbeitnehmer - Vergütungen;2017;Aufwand;200
172;Soziales und Jugend;Kinderspielplätze, Bolzplätze;Dienstbezüge und dergleichen - Arbeitnehmer - Vergütungen über Rapportzettel;2017;Aufwand;200
173;Soziales und Jugend;Kinderspielplätze, Bolzplätze;Beiträge zu Versorgungskassen - Arbeitnehmer;2017;Aufwand;10
174;Soziales und Jugend;Kinderspielplätze, Bolzplätze;Beiträge zur gesetzlichen Sozialversicherung - Arbeitnehmer;2017;Aufwand;65
175;Soziales und Jugend;Kinderspielplätze, Bolzplätze;Unterhaltung der Grundstücke, Außenanlagen, Gebäude und Gebäudeeinrichtungen;2017;Aufwand;200
176;Soziales und Jugend;Kinderspielplätze, Bolzplätze;Bewirtschaftung der Grundstücke, Außenanlagen, Gebäude und Gebäudeeinrichtungen;2017;Aufwand;200
177;Soziales und Jugend;Kinderspielplätze, Bolzplätze;Unterhaltung der Betriebs- und Geschäftsausstattung;2017;Aufwand;200
178;Soziales und Jugend;Kinderspielplätze, Bolzplätze;Geringwertige Geräte, Ausstattungs-, Ausrüstungs- und sonstige Gebrauchsgegenstände;2017;Aufwand;50
179;Soziales und Jugend;Kinderspielplätze, Bolzplätze;Sonstige Aufwendungen für Sach- und Dienstleistungen;2017;Aufwand;65
180;Soziales und Jugend;Kinderspielplätze, Bolzplätze;Abschreibungen;2017;Aufwand;116
181;Soziales und Jugend;Kinderspielplätze, Bolzplätze;Abschreibungen;2017;Aufwand;935
182;Soziales und Jugend;Jugendräume, Jugendhäuser;Geringwertige Geräte, Ausstattungs-, Ausrüstungs- und sonstige Gebrauchsgegenstände;2017;Aufwand;50
183;Gestaltung der Umwelt;Dorferneuerung, Städtebauförderung;Auflösung von Sonderposten aus Zuwendungen;2017;Ertrag;1380
184;Gestaltung der Umwelt;Dorferneuerung, Städtebauförderung;Abschreibungen;2017;Aufwand;1812
185;Gestaltung der Umwelt;Dorferneuerung, Städtebauförderung;Abschreibungen;2017;Aufwand;133
186;Gestaltung der Umwelt;Bodenordnung und Liegenschaftskataster;Vermessungs- (Abmarkungs-) gebühren;2017;Ertrag;100
187;Gestaltung der Umwelt;Bodenordnung und Liegenschaftskataster;Aufwendungen für ehrenamtlich Tätige - Sonstige (u.a. ehrenamtlich Tätige der Feuerwehr);2017;Aufwand;100
188;Gestaltung der Umwelt;Gemeindestraßen;Auflösung von Sonderposten aus Zuwendungen;2017;Ertrag;5351
189;Gestaltung der Umwelt;Gemeindestraßen;Dienstbezüge und dergleichen - Arbeitnehmer - Vergütungen über Rapportzettel;2017;Aufwand;900
190;Gestaltung der Umwelt;Gemeindestraßen;Aufwendungen für Wasser/Abwasser;2017;Aufwand;5820
191;Gestaltung der Umwelt;Gemeindestraßen;Bewirtschaftung der Grundstücke, Außenanlagen, Gebäude und Gebäudeeinrichtungen;2017;Aufwand;200
192;Gestaltung der Umwelt;Gemeindestraßen;Unterhaltung des Infrastrukturvermögens;2017;Aufwand;300
193;Gestaltung der Umwelt;Gemeindestraßen;Geringwertige Geräte, Ausstattungs-, Ausrüstungs- und sonstige Gebrauchsgegenstände;2017;Aufwand;100
194;Gestaltung der Umwelt;Gemeindestraßen;Abschreibungen;2017;Aufwand;1169
195;Gestaltung der Umwelt;Gemeindestraßen;Abschreibungen;2017;Aufwand;154
196;Gestaltung der Umwelt;Gemeindestraßen;Abschreibungen;2017;Aufwand;5738
197;Gestaltung der Umwelt;Gemeindestraßen;Abschreibungen;2017;Aufwand;610
198;Gestaltung der Umwelt;Straßenbeleuchtung;Auflösung von Sonderposten aus Zuwendungen;2017;Ertrag;200
199;Gestaltung der Umwelt;Straßenbeleuchtung;Aufwendungen für Strom;2017;Aufwand;1430
200;Gestaltung der Umwelt;Straßenbeleuchtung;sonstige Aufwendungen für Dienstleistungen;2017;Aufwand;970
201;Gestaltung der Umwelt;Straßenbeleuchtung;Abschreibungen;2017;Aufwand;84
202;Gestaltung der Umwelt;Straßenbeleuchtung;Abschreibungen;2017;Aufwand;678
203;Gestaltung der Umwelt;Konzessionsabgaben;Konzessionsabgaben;2017;Ertrag;4025
204;Gestaltung der Umwelt;Öffentliche Grünflächen und Parkanlagen;Auflösung von Sonderposten aus Zuwendungen;2017;Ertrag;100
205;Gestaltung der Umwelt;Öffentliche Grünflächen und Parkanlagen;Dienstbezüge und dergleichen - Arbeitnehmer - Vergütungen über Rapportzettel;2017;Aufwand;1500
206;Gestaltung der Umwelt;Öffentliche Grünflächen und Parkanlagen;Aufwendungen für Strom;2017;Aufwand;200
207;Gestaltung der Umwelt;Öffentliche Grünflächen und Parkanlagen;Unterhaltung der Grundstücke, Außenanlagen, Gebäude und Gebäudeeinrichtungen;2017;Aufwand;100
208;Gestaltung der Umwelt;Öffentliche Grünflächen und Parkanlagen;Bewirtschaftung der Grundstücke, Außenanlagen, Gebäude und Gebäudeeinrichtungen;2017;Aufwand;150
209;Gestaltung der Umwelt;Öffentliche Grünflächen und Parkanlagen;Unterhaltung der Betriebs- und Geschäftsausstattung;2017;Aufwand;100
210;Gestaltung der Umwelt;Öffentliche Grünflächen und Parkanlagen;Geringwertige Geräte, Ausstattungs-, Ausrüstungs- und sonstige Gebrauchsgegenstände;2017;Aufwand;150
211;Gestaltung der Umwelt;Öffentliche Grünflächen und Parkanlagen;Weitere Verwaltungs- und Betriebsaufwendungen - Verbrauchsmittel allgemein, Kosten für Veranstaltungen;2017;Aufwand;150
212;Gestaltung der Umwelt;Öffentliche Grünflächen und Parkanlagen;Abschreibungen;2017;Aufwand;100
213;Gestaltung der Umwelt;Öffentliche Grünflächen und Parkanlagen;Sonstige Steueraufwendungen;2017;Aufwand;70
214;Gestaltung der Umwelt;Friedhofswesen (Friedhofsanlagen);Auflösung von Sonderposten aus Zuwendungen;2017;Ertrag;1338
215;Gestaltung der Umwelt;Friedhofswesen (Friedhofsanlagen);Gebühr Leichenhalle;2017;Ertrag;120
216;Gestaltung der Umwelt;Friedhofswesen (Friedhofsanlagen);Grabaushub;2017;Ertrag;1350
217;Gestaltung der Umwelt;Friedhofswesen (Friedhofsanlagen);vom privaten Bereich;2017;Ertrag;120
218;Gestaltung der Umwelt;Friedhofswesen (Friedhofsanlagen);Dienstbezüge und dergleichen - Arbeitnehmer - Vergütungen über Rapportzettel;2017;Aufwand;1600
219;Gestaltung der Umwelt;Friedhofswesen (Friedhofsanlagen);Aufwendungen für Strom;2017;Aufwand;60
220;Gestaltung der Umwelt;Friedhofswesen (Friedhofsanlagen);Aufwendungen für Wasser/Abwasser;2017;Aufwand;155
221;Gestaltung der Umwelt;Friedhofswesen (Friedhofsanlagen);Aufwendungen für Abfall;2017;Aufwand;210
222;Gestaltung der Umwelt;Friedhofswesen (Friedhofsanlagen);Unterhaltung der Grundstücke, Außenanlagen, Gebäude und Gebäudeeinrichtungen;2017;Aufwand;600
223;Gestaltung der Umwelt;Friedhofswesen (Friedhofsanlagen);Bewirtschaftung der Grundstücke, Außenanlagen, Gebäude und Gebäudeeinrichtungen;2017;Aufwand;500
224;Gestaltung der Umwelt;Friedhofswesen (Friedhofsanlagen);Unterhaltung der Betriebs- und Geschäftsausstattung;2017;Aufwand;150
225;Gestaltung der Umwelt;Friedhofswesen (Friedhofsanlagen);Geringwertige Geräte, Ausstattungs-, Ausrüstungs- und sonstige Gebrauchsgegenstände;2017;Aufwand;150
226;Gestaltung der Umwelt;Friedhofswesen (Friedhofsanlagen);Weitere Verwaltungs- und Betriebsaufwendungen - Grabaushub durch Fremdfirmen;2017;Aufwand;1350
227;Gestaltung der Umwelt;Friedhofswesen (Friedhofsanlagen);Sonstige Aufwendungen für Sach- und Dienstleistungen;2017;Aufwand;60
228;Gestaltung der Umwelt;Friedhofswesen (Friedhofsanlagen);Abschreibungen;2017;Aufwand;2044
229;Gestaltung der Umwelt;Friedhofswesen (Friedhofsanlagen);Abschreibungen;2017;Aufwand;100
230;Gestaltung der Umwelt;Friedhofswesen (Friedhofsanlagen);Sonstiges;2017;Aufwand;75
231;Gestaltung der Umwelt;Friedhofswesen (Friedhofsanlagen);Versicherungsbeiträge, Umlagen an Schadensausgleichskassen;2017;Aufwand;185
232;Gestaltung der Umwelt;Feldwege, Landwirtschaftswege, Wirtschaftswege;Auflösung von Sonderposten aus Zuwendungen;2017;Ertrag;10589
233;Gestaltung der Umwelt;Feldwege, Landwirtschaftswege, Wirtschaftswege;Wegebaubeiträge;2017;Ertrag;1660
234;Gestaltung der Umwelt;Feldwege, Landwirtschaftswege, Wirtschaftswege;Jagdpacht;2017;Ertrag;600
235;Gestaltung der Umwelt;Feldwege, Landwirtschaftswege, Wirtschaftswege;Erträge aus der Auflösung von Sonderposten;2017;Ertrag;2555
236;Gestaltung der Umwelt;Feldwege, Landwirtschaftswege, Wirtschaftswege;Dienstbezüge und dergleichen - Arbeitnehmer - Vergütungen über Rapportzettel;2017;Aufwand;200
237;Gestaltung der Umwelt;Feldwege, Landwirtschaftswege, Wirtschaftswege;Bewirtschaftung der Grundstücke, Außenanlagen, Gebäude und Gebäudeeinrichtungen;2017;Aufwand;50
238;Gestaltung der Umwelt;Feldwege, Landwirtschaftswege, Wirtschaftswege;Unterhaltung des Infrastrukturvermögens;2017;Aufwand;2800
239;Gestaltung der Umwelt;Feldwege, Landwirtschaftswege, Wirtschaftswege;Unterhaltung der Betriebs- und Geschäftsausstattung;2017;Aufwand;100
240;Gestaltung der Umwelt;Feldwege, Landwirtschaftswege, Wirtschaftswege;Geringwertige Geräte, Ausstattungs-, Ausrüstungs- und sonstige Gebrauchsgegenstände;2017;Aufwand;500
241;Gestaltung der Umwelt;Feldwege, Landwirtschaftswege, Wirtschaftswege;Kostenerstattungen - an den öffentlichen Bereich - an Gemeinden und Gemeindeverbände;2017;Aufwand;166
242;Gestaltung der Umwelt;Feldwege, Landwirtschaftswege, Wirtschaftswege;Sonstige Aufwendungen für Sach- und Dienstleistungen;2017;Aufwand;500
243;Gestaltung der Umwelt;Feldwege, Landwirtschaftswege, Wirtschaftswege;Abschreibungen;2017;Aufwand;10384
244;Gestaltung der Umwelt;Feldwege, Landwirtschaftswege, Wirtschaftswege;Abschreibungen;2017;Aufwand;100
245;Gestaltung der Umwelt;Feldwege, Landwirtschaftswege, Wirtschaftswege;Abschreibungen;2017;Aufwand;104
246;Gestaltung der Umwelt;Feldwege, Landwirtschaftswege, Wirtschaftswege;Mieten, Pachten und Erbbauzinsen;2017;Aufwand;500
247;Gestaltung der Umwelt;Dorfgemeinschaftshäuser;vom öffentlichen Bereich - vom Land;2017;Ertrag;18000
248;Gestaltung der Umwelt;Dorfgemeinschaftshäuser;Auflösung von Sonderposten aus Zuwendungen;2017;Ertrag;6235
249;Gestaltung der Umwelt;Dorfgemeinschaftshäuser;Entgelte für die Benutzung von öffentlichen Einrichtungen und für wirtschaftliche Dienstleistungen;2017;Ertrag;1750
250;Gestaltung der Umwelt;Dorfgemeinschaftshäuser;Erträge aus Verkäufen von Vorräten;2017;Ertrag;10500
251;Gestaltung der Umwelt;Dorfgemeinschaftshäuser;Mieten und Pachten einschl. Nebenkosten;2017;Ertrag;1252
252;Gestaltung der Umwelt;Dorfgemeinschaftshäuser;vom öffentlichen Bereich - von Gemeinden und Gemeindeverbänden;2017;Ertrag;100
253;Gestaltung der Umwelt;Dorfgemeinschaftshäuser;Sonstige;2017;Ertrag;58
254;Gestaltung der Umwelt;Dorfgemeinschaftshäuser;Dienstbezüge und dergleichen - Arbeitnehmer - Vergütungen über Rapportzettel;2017;Aufwand;3700
255;Gestaltung der Umwelt;Dorfgemeinschaftshäuser;Aufwendungen für Wareneinkauf;2017;Aufwand;7500
256;Gestaltung der Umwelt;Dorfgemeinschaftshäuser;Laufende Aufwendungen für Heizung;2017;Aufwand;4150
257;Gestaltung der Umwelt;Dorfgemeinschaftshäuser;Aufwendungen für Strom;2017;Aufwand;2050
258;Gestaltung der Umwelt;Dorfgemeinschaftshäuser;Aufwendungen für Wasser/Abwasser;2017;Aufwand;615
259;Gestaltung der Umwelt;Dorfgemeinschaftshäuser;Aufwendungen für Abfall;2017;Aufwand;260
260;Gestaltung der Umwelt;Dorfgemeinschaftshäuser;Unterhaltung der Grundstücke, Außenanlagen, Gebäude und Gebäudeeinrichtungen;2017;Aufwand;33000
261;Gestaltung der Umwelt;Dorfgemeinschaftshäuser;Bewirtschaftung der Grundstücke, Außenanlagen, Gebäude und Gebäudeeinrichtungen;2017;Aufwand;900
262;Gestaltung der Umwelt;Dorfgemeinschaftshäuser;Unterhaltung der Betriebs- und Geschäftsausstattung;2017;Aufwand;200
263;Gestaltung der Umwelt;Dorfgemeinschaftshäuser;Geringwertige Geräte, Ausstattungs-, Ausrüstungs- und sonstige Gebrauchsgegenstände;2017;Aufwand;400
264;Gestaltung der Umwelt;Dorfgemeinschaftshäuser;Weitere Verwaltungs- und Betriebsaufwendungen - Sonstige Verbrauchsmittel;2017;Aufwand;50
265;Gestaltung der Umwelt;Dorfgemeinschaftshäuser;Abschreibungen;2017;Aufwand;12320
266;Gestaltung der Umwelt;Dorfgemeinschaftshäuser;Abschreibungen;2017;Aufwand;898
267;Gestaltung der Umwelt;Dorfgemeinschaftshäuser;Telefon, Datenübertragungskosten;2017;Aufwand;300
268;Gestaltung der Umwelt;Dorfgemeinschaftshäuser;Versicherungsbeiträge, Umlagen an Schadensausgleichskassen;2017;Aufwand;530
269;Gestaltung der Umwelt;Dorfgemeinschaftshäuser;Sonstige Steueraufwendungen;2017;Aufwand;210
270;Gestaltung der Umwelt;Grillhütten und Freizeitanlagen;von Sonstigen;2017;Ertrag;230
271;Gestaltung der Umwelt;Grillhütten und Freizeitanlagen;Dienstbezüge und dergleichen - Arbeitnehmer - Vergütungen über Rapportzettel;2017;Aufwand;50
272;Gestaltung der Umwelt;Grillhütten und Freizeitanlagen;Aufwendungen für Strom;2017;Aufwand;250
273;Gestaltung der Umwelt;Grillhütten und Freizeitanlagen;Aufwendungen für Wasser/Abwasser;2017;Aufwand;230
274;Gestaltung der Umwelt;Grillhütten und Freizeitanlagen;Unterhaltung der Grundstücke, Außenanlagen, Gebäude und Gebäudeeinrichtungen;2017;Aufwand;200
275;Gestaltung der Umwelt;Grillhütten und Freizeitanlagen;Unterhaltung der Betriebs- und Geschäftsausstattung;2017;Aufwand;50
276;Gestaltung der Umwelt;Grillhütten und Freizeitanlagen;Geringwertige Geräte, Ausstattungs-, Ausrüstungs- und sonstige Gebrauchsgegenstände;2017;Aufwand;150
277;Gestaltung der Umwelt;Tourismusförderung;Dienstbezüge und dergleichen - Arbeitnehmer - Vergütungen über Rapportzettel;2017;Aufwand;500
278;Gestaltung der Umwelt;Tourismusförderung;Öffentlichkeitsarbeit;2017;Aufwand;60
279;Gestaltung der Umwelt;Tourismusförderung;Beiträge zu Wirtschaftsverbänden, Berufsvertretungen und Vereinen;2017;Aufwand;50
280;Zentrale Finanzdienstleistungen;Steuern, allgemeine Zuweisungen, allgemeine Umlagen;Grundsteuer A;2017;Ertrag;2880
281;Zentrale Finanzdienstleistungen;Steuern, allgemeine Zuweisungen, allgemeine Umlagen;Grundsteuer B;2017;Ertrag;9760
282;Zentrale Finanzdienstleistungen;Steuern, allgemeine Zuweisungen, allgemeine Umlagen;Gewerbesteuer;2017;Ertrag;6500
283;Zentrale Finanzdienstleistungen;Steuern, allgemeine Zuweisungen, allgemeine Umlagen;Gemeindeanteil an der Einkommensteuer;2017;Ertrag;64000
284;Zentrale Finanzdienstleistungen;Steuern, allgemeine Zuweisungen, allgemeine Umlagen;Gemeindeanteil an der Umsatzsteuer;2017;Ertrag;725
285;Zentrale Finanzdienstleistungen;Steuern, allgemeine Zuweisungen, allgemeine Umlagen;Hundesteuer;2017;Ertrag;1650
286;Zentrale Finanzdienstleistungen;Steuern, allgemeine Zuweisungen, allgemeine Umlagen;vom Land - Familienleistungsausgleich;2017;Ertrag;7500
287;Zentrale Finanzdienstleistungen;Steuern, allgemeine Zuweisungen, allgemeine Umlagen;Schlüsselzuweisungen vom Land;2017;Ertrag;36130
288;Zentrale Finanzdienstleistungen;Steuern, allgemeine Zuweisungen, allgemeine Umlagen;vom Land - Kommunaler Entschuldungsfonds;2017;Ertrag;4203
289;Zentrale Finanzdienstleistungen;Steuern, allgemeine Zuweisungen, allgemeine Umlagen;Sonstige;2017;Ertrag;2700
290;Zentrale Finanzdienstleistungen;Steuern, allgemeine Zuweisungen, allgemeine Umlagen;Gewerbesteuerumlage;2017;Aufwand;1500
291;Zentrale Finanzdienstleistungen;Steuern, allgemeine Zuweisungen, allgemeine Umlagen;"Allgemeine Umlagen an das Land - Umlage zur Finanzierung des Fonds ""Deutsche Einheit""";2017;Aufwand;700
292;Zentrale Finanzdienstleistungen;Steuern, allgemeine Zuweisungen, allgemeine Umlagen;Kreisumlage;2017;Aufwand;52482
293;Zentrale Finanzdienstleistungen;Steuern, allgemeine Zuweisungen, allgemeine Umlagen;Verbandsgemeindeumlage;2017;Aufwand;58533
294;Zentrale Finanzdienstleistungen;Sonstige allgemeine Finanzwirtschaft;Vollverzinsung aus Gewerbesteuer (§ 233a AO);2017;Ertrag;50
295;Zentrale Finanzdienstleistungen;Sonstige allgemeine Finanzwirtschaft;Sonstige;2017;Ertrag;17
296;Zentrale Finanzdienstleistungen;Sonstige allgemeine Finanzwirtschaft;Zinsaufwendungen Liquiditätskredite - an die Verbandsgemeinde;2017;Aufwand;1115
297;Zentrale Finanzdienstleistungen;Sonstige allgemeine Finanzwirtschaft;Zinsaufwendungen Investitionskredite - an Sparkassen;2017;Aufwand;1566
298;Zentrale Finanzdienstleistungen;Sonstige allgemeine Finanzwirtschaft;Vollverzinsung aus Gewerbesteuer (§ 233a AO);2017;Aufwand;50
